 format: day,day,forecast,value location:59_125 Start : 20210801 ,value location:59_125 Start : 20220801 ,value location:59_125 Start : 20200801 
1,1,1,6.1,0,0
1,1,2,1.6,0,0
1,1,3,0.7,0,15
1,1,4,0.8,0,20.5
1,1,5,0.6,0,0
1,1,6,0.8,0,0
1,1,1,1.1,0,0
1,1,2,0,0,0
1,1,3,1.8,0,0
1,1,4,0.8,0,0
1,1,5,0.7,0,0
1,1,6,0.5,0,0
1,1,1,0.2,0,4
1,1,2,1,0.5,6.5
1,1,3,0.2,1,0.5
1,1,4,0.7,2,0.5
1,1,5,1.2,4.5,0
1,1,6,0,4,0
1,1,1,1.2,4,0
1,1,2,0.6,0.5,0
1,1,3,0.4,0.5,0.5
1,1,4,1.4,0,0.5
1,1,5,1,0,0
1,1,6,0,0,1
1,1,1,1.1,0,0.5
1,1,2,1,0,4
1,1,3,1.5,0,0.5
1,1,4,2.9,0,5.5
1,1,5,1,0.5,4
1,1,6,0.4,1,0
1,1,1,0.9,0.5,4.5
1,1,2,1.1,1,3.5
1,1,3,4.1,11,0.5
1,1,4,0.9,0,0
1,1,5,2.5,0,0
1,1,6,0.5,0.5,0
1,1,1,0.5,1,0
1,1,2,1,7,0
1,1,3,1.4,11.5,0
1,1,4,1.6,3.5,0
1,1,5,2.7,3.5,1
1,1,6,10.6,1,13
1,1,1,0.3,7,8
1,1,2,0.6,18,1.5
1,1,3,0.1,1.5,11
1,1,4,1.1,4,0
1,1,5,19.299999,9.5,6
1,1,6,15.8,0,1
1,1,1,0.3,0,3.5
1,1,2,0,0,0
1,1,3,0.3,0,0.5
1,1,4,0.2,0,0
1,1,5,0.7,0,0.5
1,1,6,2.5,0,0
1,1,1,1,0,2
1,1,2,0.6,0,0
1,1,3,1.5,0,0
1,1,4,2.2,0,7.5
1,1,5,3.8,0,8.5
1,1,6,0.8,0,0
1,1,1,2.1,0,0
1,1,2,2.7,0,0
1,1,3,0.9,0,0
1,1,4,1,0,0
1,1,5,0.4,0.5,0
1,1,6,0.3,0,0
1,1,1,3.3,0,0
1,1,2,1.6,0,0
1,1,3,1.1,0,0.5
1,1,4,3.2,0,0
1,1,5,0.1,0,0
1,1,6,0.1,0,0
1,1,1,1.7,0,0
1,1,2,1.5,0,0
1,1,3,1,0,0
1,1,4,0.4,0,0
1,1,5,0.2,0,0
1,1,6,1,0,0
1,1,1,1.5,0,0
1,1,2,1.3,0,0.5
1,1,3,0.4,0,0
1,1,4,0.3,0,0
1,1,5,0.1,0,0
1,1,6,0.3,0,0
1,1,1,0.6,0,0
1,1,2,0,0,2
1,1,3,0,0,0
1,1,4,0.2,0,0
1,1,5,0.2,0,0
1,1,6,0,0,0
1,1,1,0,0,0
1,1,2,0,0,0
1,1,3,0.2,0,0
1,1,4,0.1,0,0.5
1,1,5,0,0,1
1,1,6,0,0,0.5
1,1,1,0,0,0.5
1,1,2,0,0,0
1,1,3,0,0,0.5
1,1,4,0,0,0
1,1,5,0,0,0
1,1,6,0,0,0
1,1,1,0,0,0
1,1,2,0,0,1
1,1,3,0,0,1
1,1,4,0,0,0
1,1,5,0.6,0,0.5
1,1,6,4.6,0,0.5
1,1,1,0,0,0
1,1,2,0,0,0.5
1,1,3,0.4,0,7.5
1,1,4,2.2,0,4.5
1,1,5,0.8,0,5.5
1,1,6,0,0,7
1,1,1,0,0,12.5
1,1,2,0,0,21.5
1,1,3,1.4,0,19
1,1,4,0.1,0,14.5
1,1,5,0.9,0,0.5
1,1,6,0,0,1
1,1,1,2.5,0,0
1,1,2,1.7,0,0
1,1,3,0.3,0.5,0
1,1,4,0.4,0,0
1,1,5,0.1,0,0
1,1,6,0,0,0
1,1,1,1.9,0,0
1,1,2,0.4,0,0
1,1,3,0.7,0,0
1,1,4,0.2,0,0
1,1,5,0.1,0,0
1,1,6,0.1,0,0
1,1,1,0.4,2,0
1,1,2,0.4,0,0
1,1,3,0.2,0,0
1,1,4,0.4,0,0
1,1,5,1.9,0,0
1,1,6,0.7,0,0
1,1,1,0.3,0,0
1,1,2,0.1,0,0
1,1,3,0.4,0,0
1,1,4,0.2,0,0
1,1,5,0.4,0,0
1,1,6,0,1,0
2,2,1,0,0,0
2,2,2,0.2,0,0
2,2,3,0.3,0,0
2,2,4,0.2,0,0
2,2,5,0.1,0,0
2,2,6,0,0,0
2,2,1,0.2,0,0
2,2,2,0.3,0,0
2,2,3,0.2,0,0
2,2,4,0.1,0,0
2,2,5,0,0,0
2,2,6,0,0,0
2,2,1,0.3,0,0
2,2,2,0.2,0,0
2,2,3,0.1,0,0
2,2,4,0,0,0
2,2,5,0,0,0
2,2,6,0,0,0
2,2,1,0.3,0,0
2,2,2,0.5,0,0
2,2,3,0.2,0.5,0
2,2,4,0,0.5,0
2,2,5,0,0,0
2,2,6,0,0.5,0
2,2,1,0,0,0
2,2,2,0,0,0
2,2,3,0,3,1
2,2,4,0,55,0
2,2,5,0,2,0.5
2,2,6,0,1.5,0
2,2,1,0,14.5,0
2,2,2,0,0,0
2,2,3,0,27,0
2,2,4,0,0.5,0
2,2,5,0,83.5,0.5
2,2,6,0,22.1,6.5
2,2,1,0,51,5
2,2,2,0,16,2
2,2,3,0,2.5,0
2,2,4,0,0,0
2,2,5,0,15.5,0
2,2,6,3.8,11,1.5
2,2,1,0,10.5,0
2,2,2,0,0.5,0
2,2,3,0,2,1.5
2,2,4,0,0,0.5
2,2,5,0,0,6.5
2,2,6,0,0,1.5
2,2,1,0,-1,1
2,2,2,0,2,4.5
2,2,3,0,10.5,2
2,2,4,0,9.5,4.5
2,2,5,0.1,3.5,18.5
2,2,6,0,1,3.5
2,2,1,0,0,1
2,2,2,0,1.5,0.5
2,2,3,0.8,18,1
2,2,4,0.2,5,0
2,2,5,0,8.5,0
2,2,6,0,11.5,0
2,2,1,0,0.5,0
2,2,2,0,12.5,0
2,2,3,0,6,0
2,2,4,0,9,0
2,2,5,0,0,0
2,2,6,0,0.5,0
2,2,1,0,0,1
2,2,2,0,0,0
2,2,3,0,0,0
2,2,4,0,0,0
2,2,5,0,0,1
2,2,6,0,0,0.5
2,2,1,0,0,0
2,2,2,0,0,0
2,2,3,0,0,0
2,2,4,0,0,0
2,2,5,0,0,0
2,2,6,0,0,1
2,2,1,0,0,13.5
2,2,2,0,0,9
2,2,3,0,0,0.5
2,2,4,0,0,0
2,2,5,0,0,0
2,2,6,0,0,0
2,2,1,0,0.5,1
2,2,2,0,1.5,12
2,2,3,0,0,7
2,2,4,0,0.5,6.5
2,2,5,0,4.5,8
2,2,6,0,1,2.5
2,2,1,0,19.5,7.5
2,2,2,0,22.5,14
2,2,3,0,1.5,26.5
2,2,4,0,0.5,18.5
2,2,5,0,0,7.5
2,2,6,0,0,1.5
2,2,1,0,0,0
2,2,2,0,0,0
2,2,3,0,0,0
2,2,4,0,0.5,0
2,2,5,0,0,0
2,2,6,0,0,0
2,2,1,0,0,0
2,2,2,0,0,0
2,2,3,0,0,0
2,2,4,0,0,0
2,2,5,0,0,0
2,2,6,0,0,0
2,2,1,0,0,0
2,2,2,0,0,0
2,2,3,0,0,0
2,2,4,0,0,0
2,2,5,0,0,0
2,2,6,0,0,0
2,2,1,0,0,0
2,2,2,0,0,0
2,2,3,0,0,0
2,2,4,0,0,0
2,2,5,0,0,0
2,2,6,0,0,0
2,2,1,0,0,0
2,2,2,0,0,0
2,2,3,0,0,0
2,2,4,0,0,0
2,2,5,0,0,0
2,2,6,0,0,0
2,2,1,0,0,0
2,2,2,0,0,0
2,2,3,0,0,0
2,2,4,0,0,0
2,2,5,0,0,0
2,2,6,0,0,0
2,2,1,0,0,0
2,2,2,0,0,0
2,2,3,0,0,0
2,2,4,0,0,0
2,2,5,0,0,0
2,2,6,0,0,0
2,2,1,0,0,0
2,2,2,0,0,0
2,2,3,0,0,0
2,2,4,0,0,0
2,2,5,0,0,0
2,2,6,0,0,0
,,,,0,0
3,3,1,0,0,0
3,3,2,0,0.5,0
3,3,3,0,1,0
3,3,4,0,1.5,0
3,3,5,0,0.5,0
3,3,6,0,0,0
3,3,1,0,0,0
3,3,2,0,0,0
3,3,3,0,0,0
3,3,4,0,0,0
3,3,5,0,0,0
3,3,6,0,0,0
3,3,1,0,0,0
3,3,2,0,0,0
3,3,3,0,0,0
3,3,4,0.1,0,0
3,3,5,2.5,0,0
3,3,6,1.1,0,0
3,3,1,0,0,0
3,3,2,1.6,0,0
3,3,3,0,0,0
3,3,4,0,0,0
3,3,5,1.3,0,0
3,3,6,2.1,0,0
3,3,1,5.4,0,0
3,3,2,0,0,0
3,3,3,0,0,0
3,3,4,0,0,0
3,3,5,0,0,0
3,3,6,0,0,0
3,3,1,0,0,0
3,3,2,0,0.5,0
3,3,3,0,0,0
3,3,4,0,0,0
3,3,5,0,0,0
3,3,6,0,0,0
3,3,1,2.1,0,0
3,3,2,0.1,0,0
3,3,3,0,0,0.5
3,3,4,0,0,0
3,3,5,0,0,2
3,3,6,0,0,1
3,3,1,0,0,0.5
3,3,2,0,0,20
3,3,3,0,0,14.5
3,3,4,0,0,4
3,3,5,0,0,0.5
3,3,6,0,0,1
3,3,1,0,0,0
3,3,2,0,0,1.5
3,3,3,0,0,5
3,3,4,0,0,0
3,3,5,0,0,2
3,3,6,0,0,0.5
3,3,1,0,0,0
3,3,2,0,0,0
3,3,3,0,1,0
3,3,4,0,0,0
3,3,5,0,0,0
3,3,6,0,0.5,0
3,3,1,0,0,0
3,3,2,0,0,0
3,3,3,0,0,0
3,3,4,0,0,0
3,3,5,0,0,0
3,3,6,0,0,0
3,3,1,0,0,0
3,3,2,0,0,0
3,3,3,0,0,0
3,3,4,0,0,0
3,3,5,0,0,0
3,3,6,0,0,0
3,3,1,0,0,0
3,3,2,0,0,0
3,3,3,0,0,0
3,3,4,0,0,0
3,3,5,0,0,0
3,3,6,0,0,0
3,3,1,0,0,0
3,3,2,0,0,0
3,3,3,0,0,0
3,3,4,0,0,0
3,3,5,0,0,0
3,3,6,0,0,0
3,3,1,0,0,0
3,3,2,0,0,0
3,3,3,0,0,0
3,3,4,0,0,0
3,3,5,2.6,0,0
3,3,6,2.7,0,0
3,3,1,0,0,0
3,3,2,0,0,0
3,3,3,0,0,0
3,3,4,0,0,0
3,3,5,0,0,0
3,3,6,0,0,0
3,3,1,0,0,0
3,3,2,0,0,0
3,3,3,0,0,0
3,3,4,0,0,0
3,3,5,0,0,0
3,3,6,0,0,0
3,3,1,0,0,0
3,3,2,0,0,0
3,3,3,0,0,0
3,3,4,0,0,0
3,3,5,0,0,0
3,3,6,0,0,0
3,3,1,0,0,0
3,3,2,0,0,0
3,3,3,0,0,0
3,3,4,0,0,0
3,3,5,0,0,0
3,3,6,0,0,0
3,3,1,0,0,0
3,3,2,0,0,0
3,3,3,0,0,0
3,3,4,0,0,0
3,3,5,0,0,0
3,3,6,0,0,0
3,3,1,0,0,0
3,3,2,0,0,0
3,3,3,0,0,0
3,3,4,0,0,0
3,3,5,0,0,0
3,3,6,0,0,0
3,3,1,0,0,0
3,3,2,0,0,0
3,3,3,0,0,0
3,3,4,0,0,0
3,3,5,0,0,0
3,3,6,0,0,0
3,3,1,0,0,0
3,3,2,0,0,0
3,3,3,0,0,0
3,3,4,0,0,0
3,3,5,0,0,0
3,3,6,0,0,0
3,3,1,0,0,0
3,3,2,0,0,0
3,3,3,0,0,0
3,3,4,0,0,0
3,3,5,0,0,0
3,3,6,0,-1,0
,,,,0,0
4,4,1,0,0,0
4,4,2,0,0,0
4,4,3,0,0,0
4,4,4,0,0,0
4,4,5,0,4.5,0
4,4,6,0,22.5,0
4,4,1,0,0.5,0
4,4,2,0,0,0
4,4,3,0,5,0
4,4,4,0,0.5,0
4,4,5,0,3.5,0
4,4,6,0,0.5,0
4,4,1,0,0.5,0
4,4,2,0,0,0
4,4,3,0,0,0
4,4,4,0,0,0
4,4,5,0,0,0
4,4,6,0,0,0
4,4,1,0,0,0
4,4,2,0,0,0
4,4,3,0,0,0
4,4,4,0,0,0
4,4,5,0,0,0
4,4,6,0,0,0
4,4,1,0,0,0
4,4,2,0,0,0
4,4,3,0,0,0
4,4,4,0,0,0
4,4,5,0,0,0
4,4,6,0,0,0
4,4,1,0,0,0
4,4,2,0,0,0
4,4,3,0,0,0
4,4,4,0,0,0
4,4,5,0,0,0
4,4,6,0,0,0
4,4,1,0,0,0
4,4,2,0,0,0
4,4,3,0,0,0
4,4,4,0,0,0
4,4,5,0,0,0
4,4,6,0,0,0
4,4,1,0,0,0
4,4,2,0,0,0
4,4,3,0,0,0
4,4,4,0,0,0
4,4,5,0,0,0
4,4,6,0,0,0
4,4,1,0,0,0
4,4,2,0,0,0
4,4,3,0,0,0
4,4,4,0,0,0.5
4,4,5,0,0,0
4,4,6,0,0,0
4,4,1,0,0,0
4,4,2,0,0,0
4,4,3,0,0,0
4,4,4,0,0,0
4,4,5,0,0,0
4,4,6,0,0,0
4,4,1,0,0,0
4,4,2,0,0,0
4,4,3,0,0,0
4,4,4,0,0,0
4,4,5,0,0,0
4,4,6,0,0,0
4,4,1,0,0,0
4,4,2,0,0,0
4,4,3,0,0,0
4,4,4,0,0,0
4,4,5,0,0,0
4,4,6,0,0,0
4,4,1,0,0,0
4,4,2,0,0,0
4,4,3,0,0,0
4,4,4,0,0,7
4,4,5,0,0,3
4,4,6,0,0,0.5
4,4,1,0,0,2.5
4,4,2,0,0,16.5
4,4,3,0,0,0.5
4,4,4,0,0,2.5
4,4,5,0,0.5,0
4,4,6,0,1,0
4,4,1,0,0,0
4,4,2,0,0,0
4,4,3,0,0.5,0
4,4,4,0,0,0
4,4,5,0,0.5,0
4,4,6,0,1.5,0
4,4,1,0,1,0
4,4,2,0,0,0
4,4,3,0,0,0
4,4,4,0,0,0
4,4,5,0,0,0
4,4,6,0,0,0
4,4,1,0,0,0
4,4,2,0,0,0
4,4,3,0,0,0
4,4,4,0,0,0
4,4,5,0,0,0
4,4,6,0,0,0
4,4,1,0,0,0
4,4,2,0,0,0
4,4,3,0,0,0
4,4,4,0,0,0
4,4,5,0,0,0
4,4,6,0,0,0
4,4,1,0,0,0
4,4,2,0,0,0
4,4,3,0.7,0,0
4,4,4,2.9,0,0
4,4,5,0,0,0
4,4,6,0,0,0
4,4,1,0,0,0
4,4,2,0,0,0
4,4,3,0.8,0,0
4,4,4,0.2,0,0
4,4,5,0,0,0
4,4,6,0,0,0
4,4,1,0,0,0
4,4,2,0,0,0
4,4,3,0,0,0
4,4,4,0,0,0
4,4,5,0,0,0
4,4,6,0,0,0
4,4,1,0,0,0
4,4,2,0,0,0
4,4,3,0,0,0
4,4,4,0,0,0
4,4,5,0,0,0
4,4,6,0,0,0
4,4,1,0,0,0
4,4,2,0,0,0
4,4,3,0,0,0
4,4,4,0,0,0
4,4,5,0,0,0
4,4,6,0,0,0
4,4,1,0,0,0
4,4,2,0,0,0
4,4,3,0,0,0
4,4,4,0,0,0
4,4,5,0,0,0
4,4,6,0,0,0
,,,,1,0
5,5,1,0,0.5,0
5,5,2,0,0,0
5,5,3,0,0,0
5,5,4,0,0,0
5,5,5,0,0,0
5,5,6,0,0,0
5,5,1,0,0,0
5,5,2,0,0,0
5,5,3,0,0,0
5,5,4,0,0,0
5,5,5,0,0,0
5,5,6,0,0,0
5,5,1,0,0,0
5,5,2,0,0,0
5,5,3,0,0,0
5,5,4,0,0,0
5,5,5,0,0,0
5,5,6,0,0,0
5,5,1,0,0,0
5,5,2,0,0,0
5,5,3,0,0,0
5,5,4,0,0,0
5,5,5,0,0,0
5,5,6,0,0,0
5,5,1,0,0,0
5,5,2,0,0,0
5,5,3,0,0,0
5,5,4,0,0,0
5,5,5,0,0,0
5,5,6,0,0,0
5,5,1,0,0,0
5,5,2,0,0,0.5
5,5,3,0,0,0
5,5,4,0,0,0
5,5,5,0,0,1
5,5,6,0,0,0
5,5,1,0,0,0.5
5,5,2,0,0.5,0
5,5,3,0,0,0
5,5,4,0,0,0
5,5,5,0,0,0
5,5,6,0,0,0.5
5,5,1,0,0,3.5
5,5,2,0,0,0.5
5,5,3,0,0,0.5
5,5,4,0,0,0
5,5,5,0,0,0
5,5,6,0,0,0.5
5,5,1,0,0,0
5,5,2,0,0,1.5
5,5,3,0,0,0
5,5,4,0,0,0
5,5,5,0,0,0
5,5,6,0,0,0
5,5,1,0,0,0
5,5,2,0,0,0
5,5,3,0,0,0
5,5,4,0,0,0
5,5,5,0,0,0
5,5,6,0,0,0
5,5,1,0,0,0
5,5,2,0,0,0
5,5,3,0,0,0
5,5,4,0,0,0
5,5,5,0,0,1
5,5,6,0,0,10.5
5,5,1,0,0,0
5,5,2,0,0,0
5,5,3,0,0,0
5,5,4,0,0,0
5,5,5,0,0,0
5,5,6,0,0,0
5,5,1,0,0,0
5,5,2,0,0,17
5,5,3,0,0,0.5
5,5,4,0,0,0
5,5,5,0,0,0
5,5,6,0,0,0
5,5,1,0,0,0
5,5,2,0,0,0
5,5,3,0,0,0
5,5,4,0,0,0
5,5,5,0,0,0
5,5,6,0,0,0
5,5,1,0,0,0
5,5,2,0,0,0
5,5,3,0,0,0
5,5,4,0,0,0
5,5,5,0,0,0
5,5,6,0,0,0
5,5,1,0,1,0
5,5,2,0,0,0
5,5,3,0,0.5,0
5,5,4,0,0,0
5,5,5,0,0,0.5
5,5,6,0,0.5,6
5,5,1,0,0,2
5,5,2,0,0,0
5,5,3,0,0,0
5,5,4,0,0,0
5,5,5,0,0,0.5
5,5,6,0,0,4
5,5,1,0,0,11
5,5,2,0,0,2.5
5,5,3,0,0,1.5
5,5,4,0,0,0
5,5,5,0,0,0
5,5,6,0,0,0
5,5,1,0,0,1
5,5,2,0,0.5,0.5
5,5,3,0,2.5,0
5,5,4,0,3,0
5,5,5,0,2.5,0.5
5,5,6,0,1.5,0
5,5,1,0,1,0.5
5,5,2,0,2.5,0
5,5,3,0,2,0
5,5,4,0,3,0
5,5,5,0,2,0
5,5,6,0,0.5,0
5,5,1,0,2,0
5,5,2,0,3,0
5,5,3,0,1,0
5,5,4,0,1.5,0
5,5,5,0,1,0
5,5,6,0,1,0
5,5,1,0,1,0
5,5,2,0,1,0
5,5,3,0,0,0
5,5,4,0,0,0
5,5,5,0,0,0
5,5,6,0,0,0
5,5,1,0,0,0
5,5,2,0,0,0
5,5,3,0,0,0
5,5,4,0,0,0
5,5,5,0,0,0
5,5,6,0,0,0
5,5,1,0,0,0
5,5,2,0,0,0
5,5,3,0,0,0
5,5,4,0,0,0
5,5,5,0,0,0
5,5,6,0,0,0
,,,,0,0
6,6,1,0,0,0
6,6,2,0,0,0
6,6,3,0,0,0
6,6,4,0,0,0
6,6,5,0,0,0
6,6,6,0.4,0,0
6,6,1,0,0,0
6,6,2,0,0,0
6,6,3,0,0,0
6,6,4,0,0,0
6,6,5,0,0,0
6,6,6,0,0,0
6,6,1,0,0,0
6,6,2,0,0,0
6,6,3,0,0,0
6,6,4,0,0,0
6,6,5,0,0,0
6,6,6,0,0,0
6,6,1,0,0,0
6,6,2,0,0,0
6,6,3,0,,
6,6,4,0,,
6,6,5,0,,
6,6,6,0,,
6,6,1,0,,
6,6,2,0,,
6,6,3,0,,
6,6,4,0,,
6,6,5,0,,
6,6,6,0,,
6,6,1,1,,
6,6,2,0,,
6,6,3,0,,
6,6,4,0,,
6,6,5,0,,
6,6,6,0,,
6,6,1,0,,
6,6,2,0,,
6,6,3,0,,
6,6,4,0,,
6,6,5,0,,
6,6,6,0,,
6,6,1,0,,
6,6,2,0,,
6,6,3,0,,
6,6,4,0,,
6,6,5,0,,
6,6,6,0,,
6,6,1,0,,
6,6,2,0,,
6,6,3,0,,
6,6,4,0,,
6,6,5,0.1,,
6,6,6,0,,
6,6,1,0,,
6,6,2,0,,
6,6,3,0.3,,
6,6,4,0.2,,
6,6,5,0,,
6,6,6,0,,
6,6,1,0,,
6,6,2,0,,
6,6,3,0,,
6,6,4,0,,
6,6,5,0,,
6,6,6,0,,
6,6,1,0.1,,
6,6,2,0,,
6,6,3,0,,
6,6,4,0,,
6,6,5,0,,
6,6,6,0,,
6,6,1,0,,
6,6,2,0,,
6,6,3,0,,
6,6,4,0,,
6,6,5,0,,
6,6,6,0,,
6,6,1,0,,
6,6,2,0,,
6,6,3,0,,
6,6,4,0,,
6,6,5,0,,
6,6,6,0,,
6,6,1,0,,
6,6,2,0,,
6,6,3,0,,
6,6,4,0,,
6,6,5,0,,
6,6,6,0,,
6,6,1,0,,
6,6,2,0,,
6,6,3,0,,
6,6,4,0,,
6,6,5,0,,
6,6,6,0,,
6,6,1,0,,
6,6,2,0,,
6,6,3,0,,
6,6,4,0,,
6,6,5,0,,
6,6,6,0,,
6,6,1,0,,
6,6,2,0,,
6,6,3,0,,
6,6,4,0,,
6,6,5,0,,
6,6,6,0,,
6,6,1,0,,
6,6,2,0,,
6,6,3,0,,
6,6,4,0,,
6,6,5,0,,
6,6,6,0,,
6,6,1,0,,
6,6,2,0,,
6,6,3,0,,
6,6,4,0,,
6,6,5,0,,
6,6,6,0,,
6,6,1,0,,
6,6,2,0,,
6,6,3,0,,
6,6,4,0,,
6,6,5,0,,
6,6,6,0,,
6,6,1,0,,
6,6,2,0,,
6,6,3,0,,
6,6,4,0,,
6,6,5,0,,
6,6,6,0,,
6,6,1,0,,
6,6,2,0,,
6,6,3,0,,
6,6,4,0,,
6,6,5,0,,
6,6,6,0,,
6,6,1,0,,
6,6,2,0,,
6,6,3,0,,
6,6,4,0,,
6,6,5,0,,
6,6,6,0,,
,,,,,
7,7,1,0,,
7,7,2,0,,
7,7,3,0,,
7,7,4,0,,
7,7,5,0,,
7,7,6,0,,
7,7,1,0,,
7,7,2,0,,
7,7,3,0,,
7,7,4,0,,
7,7,5,0,,
7,7,6,0,,
7,7,1,0,,
7,7,2,0,,
7,7,3,0,,
7,7,4,0,,
7,7,5,0,,
7,7,6,0,,
7,7,1,0,,
7,7,2,0,,
7,7,3,0,,
7,7,4,0,,
7,7,5,0,,
7,7,6,0,,
7,7,1,0,,
7,7,2,0,,
7,7,3,0,,
7,7,4,0,,
7,7,5,0,,
7,7,6,0,,
7,7,1,0,,
7,7,2,0,,
7,7,3,0,,
7,7,4,0,,
7,7,5,0,,
7,7,6,0,,
7,7,1,0,,
7,7,2,0,,
7,7,3,0,,
7,7,4,0,,
7,7,5,0,,
7,7,6,0,,
7,7,1,0,,
7,7,2,0,,
7,7,3,0,,
7,7,4,0,,
7,7,5,0,,
7,7,6,0,,
7,7,1,0,,
7,7,2,0,,
7,7,3,0,,
7,7,4,0,,
7,7,5,0,,
7,7,6,0,,
7,7,1,0,,
7,7,2,0,,
7,7,3,0,,
7,7,4,0,,
7,7,5,0,,
7,7,6,0,,
7,7,1,0,,
7,7,2,0,,
7,7,3,0,,
7,7,4,0,,
7,7,5,0,,
7,7,6,0,,
7,7,1,0,,
7,7,2,0,,
7,7,3,0,,
7,7,4,0,,
7,7,5,0,,
7,7,6,0,,
7,7,1,0,,
7,7,2,0,,
7,7,3,0,,
7,7,4,0,,
7,7,5,0,,
7,7,6,0,,
7,7,1,0,,
7,7,2,0,,
7,7,3,0,,
7,7,4,0,,
7,7,5,0,,
7,7,6,0,,
7,7,1,0,,
7,7,2,0,,
7,7,3,0,,
7,7,4,0,,
7,7,5,0,,
7,7,6,0,,
7,7,1,0,,
7,7,2,0,,
7,7,3,0,,
7,7,4,0,,
7,7,5,0,,
7,7,6,0,,
7,7,1,0,,
7,7,2,0,,
7,7,3,0,,
7,7,4,0,,
7,7,5,0,,
7,7,6,0,,
7,7,1,0,,
7,7,2,0,,
7,7,3,0,,
7,7,4,0,,
7,7,5,0,,
7,7,6,0,,
7,7,1,0,,
7,7,2,0,,
7,7,3,0,,
7,7,4,0,,
7,7,5,0,,
7,7,6,0,,
7,7,1,0,,
7,7,2,0,,
7,7,3,0,,
7,7,4,0,,
7,7,5,0,,
7,7,6,0,,
7,7,1,0,,
7,7,2,0,,
7,7,3,0,,
7,7,4,0,,
7,7,5,0,,
7,7,6,0,,
7,7,1,0,,
7,7,2,0,,
7,7,3,0,,
7,7,4,0,,
7,7,5,0,,
7,7,6,0,,
7,7,1,0,,
7,7,2,0,,
7,7,3,0,,
7,7,4,0,,
7,7,5,0,,
7,7,6,0,,
7,7,1,0,,
7,7,2,0,,
7,7,3,0,,
7,7,4,0,,
7,7,5,0,,
7,7,6,0,,
,,,,,
8,8,1,0,,
8,8,2,0,,
8,8,3,0,,
8,8,4,0.1,,
8,8,5,0,,
8,8,6,0,,
8,8,1,0,,
8,8,2,0,,
8,8,3,0,,
8,8,4,0,,
8,8,5,0,,
8,8,6,3.9,,
8,8,1,0,,
8,8,2,0,,
8,8,3,0,,
8,8,4,0,,
8,8,5,0,,
8,8,6,0,,
8,8,1,0,,
8,8,2,0,,
8,8,3,0,,
8,8,4,0,,
8,8,5,0,,
8,8,6,0,,
8,8,1,0,,
8,8,2,0,,
8,8,3,0,,
8,8,4,0,,
8,8,5,0,,
8,8,6,0.5,,
8,8,1,4.1,,
8,8,2,3.4,,
8,8,3,1.7,,
8,8,4,1.7,,
8,8,5,0,,
8,8,6,0,,
8,8,1,2.7,,
8,8,2,1.4,,
8,8,3,0.2,,
8,8,4,1.7,,
8,8,5,3.7,,
8,8,6,0.3,,
8,8,1,21.799999,,
8,8,2,6.7,,
8,8,3,0.6,,
8,8,4,0,,
8,8,5,0,,
8,8,6,0,,
8,8,1,1,,
8,8,2,0.7,,
8,8,3,0.1,,
8,8,4,0,,
8,8,5,0,,
8,8,6,0,,
8,8,1,2.1,,
8,8,2,3,,
8,8,3,1.8,,
8,8,4,0.4,,
8,8,5,0.1,,
8,8,6,0,,
8,8,1,1.1,,
8,8,2,0,,
8,8,3,0,,
8,8,4,0,,
8,8,5,0,,
8,8,6,0,,
8,8,1,0,,
8,8,2,0,,
8,8,3,0,,
8,8,4,0,,
8,8,5,0,,
8,8,6,0,,
8,8,1,0,,
8,8,2,0,,
8,8,3,0,,
8,8,4,0,,
8,8,5,0,,
8,8,6,0,,
8,8,1,0,,
8,8,2,0,,
8,8,3,0,,
8,8,4,0,,
8,8,5,0,,
8,8,6,0,,
8,8,1,0,,
8,8,2,0,,
8,8,3,0,,
8,8,4,0,,
8,8,5,0,,
8,8,6,0,,
8,8,1,0,,
8,8,2,0,,
8,8,3,0,,
8,8,4,0,,
8,8,5,0,,
8,8,6,0,,
8,8,1,0,,
8,8,2,0,,
8,8,3,0,,
8,8,4,0,,
8,8,5,0,,
8,8,6,0,,
8,8,1,0,,
8,8,2,0,,
8,8,3,0,,
8,8,4,0,,
8,8,5,0,,
8,8,6,0,,
8,8,1,0,,
8,8,2,0,,
8,8,3,0,,
8,8,4,0,,
8,8,5,0,,
8,8,6,0,,
8,8,1,0,,
8,8,2,0,,
8,8,3,0,,
8,8,4,0,,
8,8,5,0,,
8,8,6,0,,
8,8,1,0,,
8,8,2,0,,
8,8,3,0,,
8,8,4,0,,
8,8,5,0,,
8,8,6,0,,
8,8,1,0,,
8,8,2,0,,
8,8,3,0,,
8,8,4,0,,
8,8,5,0,,
8,8,6,0,,
8,8,1,0,,
8,8,2,0,,
8,8,3,0,,
8,8,4,0,,
8,8,5,0,,
8,8,6,0,,
8,8,1,0,,
8,8,2,0,,
8,8,3,0,,
8,8,4,0,,
8,8,5,0,,
8,8,6,0,,
,,,,,
9,9,1,0,,
9,9,2,0,,
9,9,3,0,,
9,9,4,0,,
9,9,5,0,,
9,9,6,0,,
9,9,1,0,,
9,9,2,0,,
9,9,3,0,,
9,9,4,0,,
9,9,5,0,,
9,9,6,0,,
9,9,1,0,,
9,9,2,0,,
9,9,3,0,,
9,9,4,0,,
9,9,5,0,,
9,9,6,0,,
9,9,1,0,,
9,9,2,0,,
9,9,3,0,,
9,9,4,0,,
9,9,5,0,,
9,9,6,0,,
9,9,1,0,,
9,9,2,0,,
9,9,3,0,,
9,9,4,0,,
9,9,5,0,,
9,9,6,0,,
9,9,1,0,,
9,9,2,0,,
9,9,3,0,,
9,9,4,0,,
9,9,5,0,,
9,9,6,0,,
9,9,1,0,,
9,9,2,0,,
9,9,3,0,,
9,9,4,0,,
9,9,5,2.7,,
9,9,6,11.3,,
9,9,1,0,,
9,9,2,0,,
9,9,3,0,,
9,9,4,0,,
9,9,5,0,,
9,9,6,0,,
9,9,1,0,,
9,9,2,0,,
9,9,3,0,,
9,9,4,0,,
9,9,5,0,,
9,9,6,0,,
9,9,1,0,,
9,9,2,0,,
9,9,3,0,,
9,9,4,0,,
9,9,5,0,,
9,9,6,0,,
9,9,1,0,,
9,9,2,0,,
9,9,3,0,,
9,9,4,0,,
9,9,5,0,,
9,9,6,0,,
9,9,1,0,,
9,9,2,0,,
9,9,3,0,,
9,9,4,0,,
9,9,5,0,,
9,9,6,0,,
9,9,1,0,,
9,9,2,0,,
9,9,3,0,,
9,9,4,0,,
9,9,5,0.5,,
9,9,6,0.2,,
9,9,1,0,,
9,9,2,0,,
9,9,3,0,,
9,9,4,0,,
9,9,5,0,,
9,9,6,0.1,,
9,9,1,0,,
9,9,2,0,,
9,9,3,0,,
9,9,4,0,,
9,9,5,0,,
9,9,6,0,,
9,9,1,0,,
9,9,2,0,,
9,9,3,0,,
9,9,4,0,,
9,9,5,0,,
9,9,6,0,,
9,9,1,0,,
9,9,2,0,,
9,9,3,0,,
9,9,4,0,,
9,9,5,0,,
9,9,6,0,,
9,9,1,0,,
9,9,2,0,,
9,9,3,0,,
9,9,4,0,,
9,9,5,0,,
9,9,6,0,,
9,9,1,0,,
9,9,2,0,,
9,9,3,0,,
9,9,4,0,,
9,9,5,0,,
9,9,6,0,,
9,9,1,0,,
9,9,2,0,,
9,9,3,0,,
9,9,4,0,,
9,9,5,0,,
9,9,6,0,,
9,9,1,0,,
9,9,2,0,,
9,9,3,0,,
9,9,4,0,,
9,9,5,0,,
9,9,6,0,,
9,9,1,0,,
9,9,2,0,,
9,9,3,0.2,,
9,9,4,0,,
9,9,5,0,,
9,9,6,0,,
9,9,1,0,,
9,9,2,0,,
9,9,3,0,,
9,9,4,0,,
9,9,5,0,,
9,9,6,0,,
9,9,1,0,,
9,9,2,0,,
9,9,3,0,,
9,9,4,0,,
9,9,5,0,,
9,9,6,0,,
,,,,,
10,10,1,0,,
10,10,2,0,,
10,10,3,0,,
10,10,4,0,,
10,10,5,0,,
10,10,6,0,,
10,10,1,0,,
10,10,2,0,,
10,10,3,0,,
10,10,4,0,,
10,10,5,0,,
10,10,6,0,,
10,10,1,0,,
10,10,2,0,,
10,10,3,0,,
10,10,4,0,,
10,10,5,0,,
10,10,6,0,,
10,10,1,0,,
10,10,2,0,,
10,10,3,0,,
10,10,4,0,,
10,10,5,0,,
10,10,6,0,,
10,10,1,0,,
10,10,2,0,,
10,10,3,0,,
10,10,4,0,,
10,10,5,0,,
10,10,6,0,,
10,10,1,0,,
10,10,2,0,,
10,10,3,0,,
10,10,4,0,,
10,10,5,0,,
10,10,6,0,,
10,10,1,0,,
10,10,2,0,,
10,10,3,0,,
10,10,4,0,,
10,10,5,0,,
10,10,6,0,,
10,10,1,0,,
10,10,2,0,,
10,10,3,0,,
10,10,4,0,,
10,10,5,0,,
10,10,6,0,,
10,10,1,0,,
10,10,2,0,,
10,10,3,0,,
10,10,4,0,,
10,10,5,0,,
10,10,6,0,,
10,10,1,0,,
10,10,2,0,,
10,10,3,0,,
10,10,4,0,,
10,10,5,0,,
10,10,6,0,,
10,10,1,0,,
10,10,2,0,,
10,10,3,0,,
10,10,4,0,,
10,10,5,0,,
10,10,6,0,,
10,10,1,0,,
10,10,2,0,,
10,10,3,0,,
10,10,4,0,,
10,10,5,0,,
10,10,6,0,,
10,10,1,0,,
10,10,2,0,,
10,10,3,0,,
10,10,4,0,,
10,10,5,0,,
10,10,6,0,,
10,10,1,0,,
10,10,2,0,,
10,10,3,0,,
10,10,4,0,,
10,10,5,0,,
10,10,6,0,,
10,10,1,0,,
10,10,2,0,,
10,10,3,0,,
10,10,4,0,,
10,10,5,0,,
10,10,6,0,,
10,10,1,0,,
10,10,2,0,,
10,10,3,0,,
10,10,4,0,,
10,10,5,0,,
10,10,6,0.1,,
10,10,1,0,,
10,10,2,0,,
10,10,3,0,,
10,10,4,0,,
10,10,5,0,,
10,10,6,0,,
10,10,1,0,,
10,10,2,0,,
10,10,3,0,,
10,10,4,0,,
10,10,5,0,,
10,10,6,0,,
10,10,1,0,,
10,10,2,0,,
10,10,3,0,,
10,10,4,0,,
10,10,5,0,,
10,10,6,0,,
10,10,1,0,,
10,10,2,0,,
10,10,3,0,,
10,10,4,0,,
10,10,5,0,,
10,10,6,0,,
10,10,1,0,,
10,10,2,0.2,,
10,10,3,4.5,,
10,10,4,12.9,,
10,10,5,0,,
10,10,6,0,,
10,10,1,0,,
10,10,2,0.1,,
10,10,3,0.2,,
10,10,4,0.2,,
10,10,5,0.2,,
10,10,6,0.2,,
10,10,1,0.1,,
10,10,2,1.3,,
10,10,3,0.6,,
10,10,4,0.2,,
10,10,5,0,,
10,10,6,0,,
10,10,1,0.1,,
10,10,2,0,,
10,10,3,0,,
10,10,4,0,,
10,10,5,0,,
10,10,6,0,,
,,,,,
11,11,1,0,,
11,11,2,0,,
11,11,3,0,,
11,11,4,0,,
11,11,5,0.6,,
11,11,6,1,,
11,11,1,6.4,,
11,11,2,15.6,,
11,11,3,5.4,,
11,11,4,1,,
11,11,5,10,,
11,11,6,17.200001,,
11,11,1,0,,
11,11,2,0,,
11,11,3,0,,
11,11,4,0,,
11,11,5,0,,
11,11,6,0,,
11,11,1,0,,
11,11,2,0,,
11,11,3,0.3,,
11,11,4,0,,
11,11,5,0,,
11,11,6,0,,
11,11,1,2,,
11,11,2,3.8,,
11,11,3,0.9,,
11,11,4,0,,
11,11,5,0,,
11,11,6,0,,
11,11,1,3.8,,
11,11,2,0.9,,
11,11,3,0,,
11,11,4,0,,
11,11,5,0,,
11,11,6,0,,
11,11,1,0,,
11,11,2,0,,
11,11,3,0,,
11,11,4,0.1,,
11,11,5,0,,
11,11,6,0,,
11,11,1,0,,
11,11,2,0,,
11,11,3,0,,
11,11,4,0,,
11,11,5,0,,
11,11,6,0,,
11,11,1,0,,
11,11,2,0,,
11,11,3,0,,
11,11,4,0,,
11,11,5,0,,
11,11,6,0,,
11,11,1,0,,
11,11,2,0,,
11,11,3,0,,
11,11,4,0,,
11,11,5,0,,
11,11,6,0,,
11,11,1,0,,
11,11,2,0,,
11,11,3,0,,
11,11,4,0,,
11,11,5,0,,
11,11,6,0,,
11,11,1,0,,
11,11,2,0,,
11,11,3,0,,
11,11,4,0,,
11,11,5,0,,
11,11,6,0,,
11,11,1,0,,
11,11,2,0,,
11,11,3,0,,
11,11,4,0,,
11,11,5,0,,
11,11,6,0,,
11,11,1,0,,
11,11,2,0,,
11,11,3,0,,
11,11,4,0,,
11,11,5,0,,
11,11,6,0,,
11,11,1,0,,
11,11,2,0,,
11,11,3,0,,
11,11,4,0,,
11,11,5,0,,
11,11,6,0,,
11,11,1,0,,
11,11,2,0,,
11,11,3,0,,
11,11,4,0,,
11,11,5,0,,
11,11,6,0,,
11,11,1,0,,
11,11,2,0,,
11,11,3,0,,
11,11,4,0,,
11,11,5,0,,
11,11,6,0,,
11,11,1,0,,
11,11,2,0,,
11,11,3,0,,
11,11,4,0,,
11,11,5,0,,
11,11,6,0,,
11,11,1,0,,
11,11,2,0,,
11,11,3,0,,
11,11,4,0,,
11,11,5,0,,
11,11,6,0,,
11,11,1,0,,
11,11,2,0,,
11,11,3,0,,
11,11,4,0,,
11,11,5,0,,
11,11,6,0,,
11,11,1,0,,
11,11,2,0,,
11,11,3,0,,
11,11,4,0,,
11,11,5,0,,
11,11,6,0,,
11,11,1,0,,
11,11,2,0,,
11,11,3,0,,
11,11,4,0,,
11,11,5,0,,
11,11,6,0,,
11,11,1,0,,
11,11,2,0,,
11,11,3,0,,
11,11,4,0,,
11,11,5,0,,
11,11,6,0.3,,
11,11,1,0,,
11,11,2,0,,
11,11,3,0,,
11,11,4,0,,
11,11,5,0,,
11,11,6,0,,
,,,,,
12,12,1,0,,
12,12,2,0,,
12,12,3,0,,
12,12,4,0.2,,
12,12,5,0.1,,
12,12,6,0.1,,
12,12,1,0,,
12,12,2,0,,
12,12,3,0,,
12,12,4,0.6,,
12,12,5,0.3,,
12,12,6,0.1,,
12,12,1,0,,
12,12,2,0,,
12,12,3,0,,
12,12,4,0,,
12,12,5,3.6,,
12,12,6,0,,
12,12,1,0,,
12,12,2,0,,
12,12,3,0,,
12,12,4,0,,
12,12,5,1.4,,
12,12,6,0.1,,
12,12,1,0,,
12,12,2,0,,
12,12,3,0,,
12,12,4,0,,
12,12,5,0,,
12,12,6,0.1,,
12,12,1,10.5,,
12,12,2,2.6,,
12,12,3,0,,
12,12,4,0,,
12,12,5,0,,
12,12,6,0,,
12,12,1,0,,
12,12,2,0,,
12,12,3,0,,
12,12,4,0,,
12,12,5,0,,
12,12,6,0.1,,
12,12,1,4,,
12,12,2,7.3,,
12,12,3,0,,
12,12,4,0,,
12,12,5,0,,
12,12,6,0,,
12,12,1,27.200001,,
12,12,2,21.9,,
12,12,3,19.6,,
12,12,4,14.1,,
12,12,5,6.4,,
12,12,6,1.6,,
12,12,1,11.2,,
12,12,2,0,,
12,12,3,0,,
12,12,4,0,,
12,12,5,0,,
12,12,6,0,,
12,12,1,0,,
12,12,2,0,,
12,12,3,0,,
12,12,4,0,,
12,12,5,0,,
12,12,6,0,,
12,12,1,0,,
12,12,2,0,,
12,12,3,0,,
12,12,4,0,,
12,12,5,0,,
12,12,6,0,,
12,12,1,0,,
12,12,2,0,,
12,12,3,0,,
12,12,4,0,,
12,12,5,0,,
12,12,6,0,,
12,12,1,0,,
12,12,2,0,,
12,12,3,0,,
12,12,4,0,,
12,12,5,0,,
12,12,6,0,,
12,12,1,0,,
12,12,2,0,,
12,12,3,0,,
12,12,4,0,,
12,12,5,0,,
12,12,6,0,,
12,12,1,0,,
12,12,2,0,,
12,12,3,0,,
12,12,4,0,,
12,12,5,0,,
12,12,6,0,,
12,12,1,0,,
12,12,2,0,,
12,12,3,0,,
12,12,4,0,,
12,12,5,0,,
12,12,6,0,,
12,12,1,0,,
12,12,2,0,,
12,12,3,0,,
12,12,4,0,,
12,12,5,0,,
12,12,6,0,,
12,12,1,0,,
12,12,2,0,,
12,12,3,0,,
12,12,4,0,,
12,12,5,0,,
12,12,6,0,,
12,12,1,0,,
12,12,2,0,,
12,12,3,0,,
12,12,4,0,,
12,12,5,0,,
12,12,6,0,,
12,12,1,0,,
12,12,2,0,,
12,12,3,0,,
12,12,4,0,,
12,12,5,0,,
12,12,6,0,,
12,12,1,0,,
12,12,2,0,,
12,12,3,0,,
12,12,4,0,,
12,12,5,0,,
12,12,6,0,,
12,12,1,0,,
12,12,2,0,,
12,12,3,0,,
12,12,4,0,,
12,12,5,0,,
12,12,6,0,,
12,12,1,0,,
12,12,2,0,,
12,12,3,0,,
12,12,4,0,,
12,12,5,0,,
12,12,6,0,,
,,,,,
13,13,1,0,,
13,13,2,0,,
13,13,3,0,,
13,13,4,0,,
13,13,5,0,,
13,13,6,0,,
13,13,1,0,,
13,13,2,0,,
13,13,3,0,,
13,13,4,0,,
13,13,5,0,,
13,13,6,0,,
13,13,1,0,,
13,13,2,0,,
13,13,3,0,,
13,13,4,0,,
13,13,5,0,,
13,13,6,0,,
13,13,1,0,,
13,13,2,0,,
13,13,3,0,,
13,13,4,0,,
13,13,5,0,,
13,13,6,0,,
13,13,1,0,,
13,13,2,0,,
13,13,3,0,,
13,13,4,0,,
13,13,5,0,,
13,13,6,0,,
13,13,1,0,,
13,13,2,0,,
13,13,3,0,,
13,13,4,0.3,,
13,13,5,5.4,,
13,13,6,3.1,,
13,13,1,0,,
13,13,2,0,,
13,13,3,0,,
13,13,4,0,,
13,13,5,0,,
13,13,6,0,,
13,13,1,0,,
13,13,2,0,,
13,13,3,0,,
13,13,4,0,,
13,13,5,0,,
13,13,6,1.9,,
13,13,1,0,,
13,13,2,0,,
13,13,3,0,,
13,13,4,0,,
13,13,5,0,,
13,13,6,0,,
13,13,1,0,,
13,13,2,0,,
13,13,3,0,,
13,13,4,0.2,,
13,13,5,6.6,,
13,13,6,9.2,,
13,13,1,0,,
13,13,2,0,,
13,13,3,0,,
13,13,4,0,,
13,13,5,0,,
13,13,6,0,,
13,13,1,0,,
13,13,2,0,,
13,13,3,0,,
13,13,4,0,,
13,13,5,0,,
13,13,6,0,,
13,13,1,0,,
13,13,2,0,,
13,13,3,0,,
13,13,4,0,,
13,13,5,0,,
13,13,6,0,,
13,13,1,0,,
13,13,2,0,,
13,13,3,0,,
13,13,4,0,,
13,13,5,0,,
13,13,6,0,,
13,13,1,0,,
13,13,2,0,,
13,13,3,0,,
13,13,4,0,,
13,13,5,0,,
13,13,6,0,,
13,13,1,0,,
13,13,2,0,,
13,13,3,0,,
13,13,4,0,,
13,13,5,0,,
13,13,6,0,,
13,13,1,0,,
13,13,2,0,,
13,13,3,0,,
13,13,4,0,,
13,13,5,0,,
13,13,6,0,,
13,13,1,0,,
13,13,2,0,,
13,13,3,0,,
13,13,4,0,,
13,13,5,0,,
13,13,6,0,,
13,13,1,0,,
13,13,2,0,,
13,13,3,0,,
13,13,4,0,,
13,13,5,0,,
13,13,6,0,,
13,13,1,0,,
13,13,2,0,,
13,13,3,0,,
13,13,4,0,,
13,13,5,0,,
13,13,6,0,,
13,13,1,0,,
13,13,2,0,,
13,13,3,0,,
13,13,4,0,,
13,13,5,0,,
13,13,6,0,,
13,13,1,0,,
13,13,2,0,,
13,13,3,0,,
13,13,4,0,,
13,13,5,0,,
13,13,6,0,,
13,13,1,0,,
13,13,2,0,,
13,13,3,0,,
13,13,4,0,,
13,13,5,0,,
13,13,6,0,,
13,13,1,0,,
13,13,2,0,,
13,13,3,0,,
13,13,4,0,,
13,13,5,0,,
13,13,6,0,,
,,,,,
14,14,1,0,,
14,14,2,0,,
14,14,3,0,,
14,14,4,0,,
14,14,5,0,,
14,14,6,0,,
14,14,1,0,,
14,14,2,0,,
14,14,3,0,,
14,14,4,0,,
14,14,5,0,,
14,14,6,0,,
14,14,1,0,,
14,14,2,0,,
14,14,3,0,,
14,14,4,0,,
14,14,5,0,,
14,14,6,0,,
14,14,1,0,,
14,14,2,0,,
14,14,3,0,,
14,14,4,0,,
14,14,5,0,,
14,14,6,0,,
14,14,1,0,,
14,14,2,0,,
14,14,3,0,,
14,14,4,0,,
14,14,5,0,,
14,14,6,0,,
14,14,1,0,,
14,14,2,0,,
14,14,3,0,,
14,14,4,0,,
14,14,5,0,,
14,14,6,0,,
14,14,1,0,,
14,14,2,0,,
14,14,3,0,,
14,14,4,0,,
14,14,5,0.1,,
14,14,6,0.3,,
14,14,1,0,,
14,14,2,0,,
14,14,3,0,,
14,14,4,0,,
14,14,5,0,,
14,14,6,0,,
14,14,1,0,,
14,14,2,0,,
14,14,3,0,,
14,14,4,0,,
14,14,5,0,,
14,14,6,0,,
14,14,1,0,,
14,14,2,0,,
14,14,3,0,,
14,14,4,0,,
14,14,5,0,,
14,14,6,0,,
14,14,1,0,,
14,14,2,0,,
14,14,3,0,,
14,14,4,0,,
14,14,5,0,,
14,14,6,0,,
14,14,1,0,,
14,14,2,0,,
14,14,3,0,,
14,14,4,0,,
14,14,5,0,,
14,14,6,0,,
14,14,1,0,,
14,14,2,0,,
14,14,3,0,,
14,14,4,0,,
14,14,5,0,,
14,14,6,0,,
14,14,1,0,,
14,14,2,0,,
14,14,3,0,,
14,14,4,0,,
14,14,5,0,,
14,14,6,0,,
14,14,1,0,,
14,14,2,0,,
14,14,3,0,,
14,14,4,0,,
14,14,5,0,,
14,14,6,0,,
14,14,1,0,,
14,14,2,0,,
14,14,3,0,,
14,14,4,0,,
14,14,5,0,,
14,14,6,0,,
14,14,1,0,,
14,14,2,0,,
14,14,3,0,,
14,14,4,0,,
14,14,5,0,,
14,14,6,0,,
14,14,1,0,,
14,14,2,0,,
14,14,3,0,,
14,14,4,0,,
14,14,5,0,,
14,14,6,0,,
14,14,1,0,,
14,14,2,0,,
14,14,3,0,,
14,14,4,0,,
14,14,5,0,,
14,14,6,0,,
14,14,1,0,,
14,14,2,0,,
14,14,3,0,,
14,14,4,0,,
14,14,5,0,,
14,14,6,0,,
14,14,1,0,,
14,14,2,0,,
14,14,3,0,,
14,14,4,0,,
14,14,5,0,,
14,14,6,0,,
14,14,1,0,,
14,14,2,0,,
14,14,3,0,,
14,14,4,0,,
14,14,5,0,,
14,14,6,0,,
14,14,1,0,,
14,14,2,0,,
14,14,3,0,,
14,14,4,0,,
14,14,5,0,,
14,14,6,0,,
14,14,1,0,,
14,14,2,0,,
14,14,3,0,,
14,14,4,0,,
14,14,5,0,,
14,14,6,0,,
,,,,,
15,15,1,0,,
15,15,2,0,,
15,15,3,0,,
15,15,4,0,,
15,15,5,0,,
15,15,6,0,,
15,15,1,0,,
15,15,2,0,,
15,15,3,0,,
15,15,4,0,,
15,15,5,0,,
15,15,6,0,,
15,15,1,0,,
15,15,2,0,,
15,15,3,0,,
15,15,4,0,,
15,15,5,0,,
15,15,6,0,,
15,15,1,0,,
15,15,2,0,,
15,15,3,0,,
15,15,4,0,,
15,15,5,0,,
15,15,6,0,,
15,15,1,0,,
15,15,2,0,,
15,15,3,0,,
15,15,4,0,,
15,15,5,0,,
15,15,6,0,,
15,15,1,0,,
15,15,2,0,,
15,15,3,0,,
15,15,4,0,,
15,15,5,0,,
15,15,6,0,,
15,15,1,0,,
15,15,2,0,,
15,15,3,0,,
15,15,4,0,,
15,15,5,0,,
15,15,6,0,,
15,15,1,0,,
15,15,2,0,,
15,15,3,0,,
15,15,4,0,,
15,15,5,0,,
15,15,6,0,,
15,15,1,0,,
15,15,2,0,,
15,15,3,0,,
15,15,4,0,,
15,15,5,0,,
15,15,6,0,,
15,15,1,0,,
15,15,2,0,,
15,15,3,0,,
15,15,4,0.1,,
15,15,5,2,,
15,15,6,0.1,,
15,15,1,0,,
15,15,2,0,,
15,15,3,0,,
15,15,4,0,,
15,15,5,0,,
15,15,6,0,,
15,15,1,0,,
15,15,2,0,,
15,15,3,0,,
15,15,4,0,,
15,15,5,0,,
15,15,6,0,,
15,15,1,0,,
15,15,2,0,,
15,15,3,0,,
15,15,4,0,,
15,15,5,0,,
15,15,6,0,,
15,15,1,0,,
15,15,2,0,,
15,15,3,0,,
15,15,4,0,,
15,15,5,0,,
15,15,6,0,,
15,15,1,0,,
15,15,2,0,,
15,15,3,0,,
15,15,4,0,,
15,15,5,0,,
15,15,6,0,,
15,15,1,0,,
15,15,2,0,,
15,15,3,0,,
15,15,4,0,,
15,15,5,0,,
15,15,6,0,,
15,15,1,0,,
15,15,2,0,,
15,15,3,0,,
15,15,4,0,,
15,15,5,0,,
15,15,6,0,,
15,15,1,0,,
15,15,2,0,,
15,15,3,0,,
15,15,4,0,,
15,15,5,0,,
15,15,6,0,,
15,15,1,0,,
15,15,2,0,,
15,15,3,0,,
15,15,4,0,,
15,15,5,0,,
15,15,6,0,,
15,15,1,0,,
15,15,2,0,,
15,15,3,0,,
15,15,4,0,,
15,15,5,0,,
15,15,6,0,,
15,15,1,0,,
15,15,2,0,,
15,15,3,0,,
15,15,4,0,,
15,15,5,0,,
15,15,6,0,,
15,15,1,0,,
15,15,2,0,,
15,15,3,0,,
15,15,4,0,,
15,15,5,0,,
15,15,6,0,,
15,15,1,0,,
15,15,2,0,,
15,15,3,0,,
15,15,4,0,,
15,15,5,0,,
15,15,6,0,,
15,15,1,0,,
15,15,2,0,,
15,15,3,0,,
15,15,4,0,,
15,15,5,0,,
15,15,6,0,,
,,,,,
16,16,1,0,,
16,16,2,0,,
16,16,3,0,,
16,16,4,0,,
16,16,5,0,,
16,16,6,0,,
16,16,1,0,,
16,16,2,0,,
16,16,3,0,,
16,16,4,0,,
16,16,5,0,,
16,16,6,0,,
16,16,1,0,,
16,16,2,0,,
16,16,3,0,,
16,16,4,0,,
16,16,5,0,,
16,16,6,0,,
16,16,1,0,,
16,16,2,0,,
16,16,3,0,,
16,16,4,0,,
16,16,5,0,,
16,16,6,0,,
16,16,1,0,,
16,16,2,0,,
16,16,3,0,,
16,16,4,0,,
16,16,5,0,,
16,16,6,0,,
16,16,1,0,,
16,16,2,0,,
16,16,3,0,,
16,16,4,0,,
16,16,5,0,,
16,16,6,0,,
16,16,1,0,,
16,16,2,0,,
16,16,3,0,,
16,16,4,0,,
16,16,5,0,,
16,16,6,0,,
16,16,1,0,,
16,16,2,0,,
16,16,3,0,,
16,16,4,0,,
16,16,5,0,,
16,16,6,0,,
16,16,1,0,,
16,16,2,0,,
16,16,3,0,,
16,16,4,0,,
16,16,5,0,,
16,16,6,0,,
16,16,1,0,,
16,16,2,0,,
16,16,3,0,,
16,16,4,0,,
16,16,5,0,,
16,16,6,0,,
16,16,1,14.9,,
16,16,2,0,,
16,16,3,0,,
16,16,4,0,,
16,16,5,0,,
16,16,6,0,,
16,16,1,0,,
16,16,2,0,,
16,16,3,0,,
16,16,4,0,,
16,16,5,0,,
16,16,6,0,,
16,16,1,0,,
16,16,2,0,,
16,16,3,0,,
16,16,4,0,,
16,16,5,0,,
16,16,6,0,,
16,16,1,0,,
16,16,2,0,,
16,16,3,0,,
16,16,4,0,,
16,16,5,0,,
16,16,6,0,,
16,16,1,0,,
16,16,2,0,,
16,16,3,0,,
16,16,4,0,,
16,16,5,0,,
16,16,6,0,,
16,16,1,0,,
16,16,2,0,,
16,16,3,0,,
16,16,4,0,,
16,16,5,0,,
16,16,6,0,,
16,16,1,0,,
16,16,2,0,,
16,16,3,0,,
16,16,4,0,,
16,16,5,0,,
16,16,6,0,,
16,16,1,0,,
16,16,2,0,,
16,16,3,0,,
16,16,4,0,,
16,16,5,0,,
16,16,6,0,,
16,16,1,0,,
16,16,2,0,,
16,16,3,0,,
16,16,4,0,,
16,16,5,0,,
16,16,6,0,,
16,16,1,0,,
16,16,2,0,,
16,16,3,0,,
16,16,4,0,,
16,16,5,0,,
16,16,6,0,,
16,16,1,0,,
16,16,2,0,,
16,16,3,0,,
16,16,4,0,,
16,16,5,0,,
16,16,6,0,,
16,16,1,0,,
16,16,2,0,,
16,16,3,0,,
16,16,4,0,,
16,16,5,0,,
16,16,6,0,,
16,16,1,0,,
16,16,2,0,,
16,16,3,0,,
16,16,4,0,,
16,16,5,0,,
16,16,6,0,,
16,16,1,0,,
16,16,2,0,,
16,16,3,0,,
16,16,4,0,,
16,16,5,0,,
16,16,6,0,,
,,,,,
17,17,1,0,,
17,17,2,0,,
17,17,3,0,,
17,17,4,0,,
17,17,5,0,,
17,17,6,0,,
17,17,1,0,,
17,17,2,0,,
17,17,3,0,,
17,17,4,0,,
17,17,5,0,,
17,17,6,0,,
17,17,1,0,,
17,17,2,0,,
17,17,3,0,,
17,17,4,0,,
17,17,5,0.8,,
17,17,6,4.3,,
17,17,1,0,,
17,17,2,0,,
17,17,3,0,,
17,17,4,0,,
17,17,5,6.7,,
17,17,6,4.8,,
17,17,1,0,,
17,17,2,0,,
17,17,3,0,,
17,17,4,0,,
17,17,5,0,,
17,17,6,0,,
17,17,1,0,,
17,17,2,0,,
17,17,3,0.2,,
17,17,4,1.5,,
17,17,5,1.1,,
17,17,6,0,,
17,17,1,0,,
17,17,2,0,,
17,17,3,0,,
17,17,4,0,,
17,17,5,0,,
17,17,6,0,,
17,17,1,2.8,,
17,17,2,1.9,,
17,17,3,0,,
17,17,4,0,,
17,17,5,0,,
17,17,6,0,,
17,17,1,25.4,,
17,17,2,10.1,,
17,17,3,4.9,,
17,17,4,1.6,,
17,17,5,0.2,,
17,17,6,0,,
17,17,1,5.5,,
17,17,2,4.4,,
17,17,3,2.1,,
17,17,4,0.7,,
17,17,5,0.3,,
17,17,6,0.4,,
17,17,1,9,,
17,17,2,9.1,,
17,17,3,7.2,,
17,17,4,4.6,,
17,17,5,3.2,,
17,17,6,3.7,,
17,17,1,8.2,,
17,17,2,7.2,,
17,17,3,5.9,,
17,17,4,2.7,,
17,17,5,0.7,,
17,17,6,0.1,,
17,17,1,2.7,,
17,17,2,0.6,,
17,17,3,0.2,,
17,17,4,0,,
17,17,5,0,,
17,17,6,0,,
17,17,1,0.3,,
17,17,2,0,,
17,17,3,0,,
17,17,4,0,,
17,17,5,0,,
17,17,6,0,,
17,17,1,0,,
17,17,2,0,,
17,17,3,0,,
17,17,4,0,,
17,17,5,0,,
17,17,6,0,,
17,17,1,0,,
17,17,2,0,,
17,17,3,0,,
17,17,4,0,,
17,17,5,0,,
17,17,6,0,,
17,17,1,0,,
17,17,2,0,,
17,17,3,0,,
17,17,4,0,,
17,17,5,0,,
17,17,6,0,,
17,17,1,0,,
17,17,2,0,,
17,17,3,0,,
17,17,4,0,,
17,17,5,0,,
17,17,6,0,,
17,17,1,0,,
17,17,2,0,,
17,17,3,0,,
17,17,4,0.1,,
17,17,5,0.1,,
17,17,6,0,,
17,17,1,0,,
17,17,2,0,,
17,17,3,0.6,,
17,17,4,5.2,,
17,17,5,0.8,,
17,17,6,0,,
17,17,1,0,,
17,17,2,0,,
17,17,3,11.7,,
17,17,4,7.8,,
17,17,5,0.8,,
17,17,6,0.2,,
17,17,1,0.5,,
17,17,2,5.2,,
17,17,3,11.2,,
17,17,4,2.7,,
17,17,5,0.3,,
17,17,6,0,,
17,17,1,9.1,,
17,17,2,11.6,,
17,17,3,3.6,,
17,17,4,1.3,,
17,17,5,0.2,,
17,17,6,0,,
17,17,1,9.7,,
17,17,2,2.5,,
17,17,3,0.5,,
17,17,4,0.3,,
17,17,5,0,,
17,17,6,0,,
,,,,,
18,18,1,2.6,,
18,18,2,1.5,,
18,18,3,0,,
18,18,4,0.1,,
18,18,5,0,,
18,18,6,0,,
18,18,1,1.3,,
18,18,2,0,,
18,18,3,0,,
18,18,4,0,,
18,18,5,0,,
18,18,6,0,,
18,18,1,0.2,,
18,18,2,1.3,,
18,18,3,0,,
18,18,4,0,,
18,18,5,0,,
18,18,6,0,,
18,18,1,0.2,,
18,18,2,0,,
18,18,3,0,,
18,18,4,0,,
18,18,5,0,,
18,18,6,0,,
18,18,1,0,,
18,18,2,0,,
18,18,3,0,,
18,18,4,0,,
18,18,5,0,,
18,18,6,0,,
18,18,1,0,,
18,18,2,0,,
18,18,3,0,,
18,18,4,0.2,,
18,18,5,2.8,,
18,18,6,0,,
18,18,1,0,,
18,18,2,0,,
18,18,3,0,,
18,18,4,1.9,,
18,18,5,0.3,,
18,18,6,0,,
18,18,1,0,,
18,18,2,0,,
18,18,3,0.9,,
18,18,4,0.2,,
18,18,5,0,,
18,18,6,0,,
18,18,1,0,,
18,18,2,0,,
18,18,3,0,,
18,18,4,0,,
18,18,5,0,,
18,18,6,0,,
18,18,1,0,,
18,18,2,0,,
18,18,3,0,,
18,18,4,0,,
18,18,5,0,,
18,18,6,0,,
18,18,1,0,,
18,18,2,0,,
18,18,3,0,,
18,18,4,0,,
18,18,5,0,,
18,18,6,0,,
18,18,1,0,,
18,18,2,0,,
18,18,3,0,,
18,18,4,0,,
18,18,5,0,,
18,18,6,0,,
18,18,1,0,,
18,18,2,0,,
18,18,3,0,,
18,18,4,0,,
18,18,5,0,,
18,18,6,0,,
18,18,1,0,,
18,18,2,0,,
18,18,3,0,,
18,18,4,0,,
18,18,5,0,,
18,18,6,0,,
18,18,1,0,,
18,18,2,0,,
18,18,3,0,,
18,18,4,0,,
18,18,5,0,,
18,18,6,0,,
18,18,1,0,,
18,18,2,0,,
18,18,3,0,,
18,18,4,0,,
18,18,5,0,,
18,18,6,0,,
18,18,1,0,,
18,18,2,0,,
18,18,3,0,,
18,18,4,0,,
18,18,5,0,,
18,18,6,0,,
18,18,1,0,,
18,18,2,0,,
18,18,3,0,,
18,18,4,0,,
18,18,5,0,,
18,18,6,0,,
18,18,1,0,,
18,18,2,0,,
18,18,3,0,,
18,18,4,0,,
18,18,5,0,,
18,18,6,0,,
18,18,1,0,,
18,18,2,0,,
18,18,3,0,,
18,18,4,0,,
18,18,5,0,,
18,18,6,0,,
18,18,1,0,,
18,18,2,0,,
18,18,3,0,,
18,18,4,0,,
18,18,5,0,,
18,18,6,0,,
18,18,1,0,,
18,18,2,0,,
18,18,3,0,,
18,18,4,0,,
18,18,5,0,,
18,18,6,0,,
18,18,1,0,,
18,18,2,0,,
18,18,3,0,,
18,18,4,0,,
18,18,5,0,,
18,18,6,0,,
18,18,1,0,,
18,18,2,0,,
18,18,3,0,,
18,18,4,0,,
18,18,5,0,,
18,18,6,0,,
,,,,,
19,19,1,0,,
19,19,2,0,,
19,19,3,0,,
19,19,4,0.1,,
19,19,5,0,,
19,19,6,0,,
19,19,1,0,,
19,19,2,0,,
19,19,3,0,,
19,19,4,0,,
19,19,5,0,,
19,19,6,0,,
19,19,1,0,,
19,19,2,0,,
19,19,3,0,,
19,19,4,0,,
19,19,5,0,,
19,19,6,0,,
19,19,1,0,,
19,19,2,0,,
19,19,3,0,,
19,19,4,0,,
19,19,5,0,,
19,19,6,0,,
19,19,1,0,,
19,19,2,0,,
19,19,3,0,,
19,19,4,0,,
19,19,5,0,,
19,19,6,0,,
19,19,1,0,,
19,19,2,0,,
19,19,3,0,,
19,19,4,0,,
19,19,5,0,,
19,19,6,0,,
19,19,1,0,,
19,19,2,0,,
19,19,3,0,,
19,19,4,0,,
19,19,5,0,,
19,19,6,0,,
19,19,1,0,,
19,19,2,0,,
19,19,3,0,,
19,19,4,0,,
19,19,5,0,,
19,19,6,0.8,,
19,19,1,0,,
19,19,2,0,,
19,19,3,0,,
19,19,4,0,,
19,19,5,0.9,,
19,19,6,1.7,,
19,19,1,0,,
19,19,2,0,,
19,19,3,0,,
19,19,4,0,,
19,19,5,0,,
19,19,6,0,,
19,19,1,0,,
19,19,2,0,,
19,19,3,0,,
19,19,4,0,,
19,19,5,0,,
19,19,6,0,,
19,19,1,0,,
19,19,2,0,,
19,19,3,0,,
19,19,4,0,,
19,19,5,0,,
19,19,6,0,,
19,19,1,0,,
19,19,2,0,,
19,19,3,0,,
19,19,4,0,,
19,19,5,0,,
19,19,6,0,,
19,19,1,0,,
19,19,2,0,,
19,19,3,0,,
19,19,4,0,,
19,19,5,0,,
19,19,6,0,,
19,19,1,0,,
19,19,2,0,,
19,19,3,0,,
19,19,4,0,,
19,19,5,0,,
19,19,6,0,,
19,19,1,0,,
19,19,2,0,,
19,19,3,0.6,,
19,19,4,0.2,,
19,19,5,0,,
19,19,6,0,,
19,19,1,0,,
19,19,2,0,,
19,19,3,0.1,,
19,19,4,4.7,,
19,19,5,4.5,,
19,19,6,1.1,,
19,19,1,0,,
19,19,2,2.6,,
19,19,3,1.1,,
19,19,4,0.8,,
19,19,5,0,,
19,19,6,0.1,,
19,19,1,0,,
19,19,2,0,,
19,19,3,0,,
19,19,4,0,,
19,19,5,0,,
19,19,6,0,,
19,19,1,0,,
19,19,2,0,,
19,19,3,0,,
19,19,4,0,,
19,19,5,0,,
19,19,6,0,,
19,19,1,0,,
19,19,2,0,,
19,19,3,0,,
19,19,4,0,,
19,19,5,0,,
19,19,6,0,,
19,19,1,0,,
19,19,2,0,,
19,19,3,0,,
19,19,4,0,,
19,19,5,0,,
19,19,6,0,,
19,19,1,0,,
19,19,2,0,,
19,19,3,0,,
19,19,4,0,,
19,19,5,0,,
19,19,6,0,,
19,19,1,0,,
19,19,2,0,,
19,19,3,0,,
19,19,4,0,,
19,19,5,0,,
19,19,6,5.6,,
,,,,,
20,20,1,0,,
20,20,2,0,,
20,20,3,0,,
20,20,4,0,,
20,20,5,3.9,,
20,20,6,0.1,,
20,20,1,0,,
20,20,2,0,,
20,20,3,0,,
20,20,4,0,,
20,20,5,0,,
20,20,6,0.3,,
20,20,1,0,,
20,20,2,0,,
20,20,3,0,,
20,20,4,0,,
20,20,5,0.3,,
20,20,6,0,,
20,20,1,0,,
20,20,2,0,,
20,20,3,0,,
20,20,4,0,,
20,20,5,0,,
20,20,6,0,,
20,20,1,0,,
20,20,2,0,,
20,20,3,0,,
20,20,4,0,,
20,20,5,0,,
20,20,6,0,,
20,20,1,0,,
20,20,2,0,,
20,20,3,0,,
20,20,4,0.8,,
20,20,5,3.2,,
20,20,6,0.6,,
20,20,1,0,,
20,20,2,0,,
20,20,3,0,,
20,20,4,0,,
20,20,5,0,,
20,20,6,11.3,,
20,20,1,0,,
20,20,2,0,,
20,20,3,0,,
20,20,4,0,,
20,20,5,0.2,,
20,20,6,1.6,,
20,20,1,0,,
20,20,2,0,,
20,20,3,0,,
20,20,4,0,,
20,20,5,0.6,,
20,20,6,0.2,,
20,20,1,0,,
20,20,2,0,,
20,20,3,0,,
20,20,4,0,,
20,20,5,0,,
20,20,6,2.8,,
20,20,1,0,,
20,20,2,0,,
20,20,3,0,,
20,20,4,0,,
20,20,5,0,,
20,20,6,0,,
20,20,1,0,,
20,20,2,0,,
20,20,3,0,,
20,20,4,0,,
20,20,5,0,,
20,20,6,0,,
20,20,1,0,,
20,20,2,2.8,,
20,20,3,2.3,,
20,20,4,0,,
20,20,5,0,,
20,20,6,0,,
20,20,1,0.2,,
20,20,2,0.1,,
20,20,3,0,,
20,20,4,0,,
20,20,5,0,,
20,20,6,0,,
20,20,1,0.2,,
20,20,2,0,,
20,20,3,0,,
20,20,4,0,,
20,20,5,0,,
20,20,6,0,,
20,20,1,0,,
20,20,2,0,,
20,20,3,0,,
20,20,4,0,,
20,20,5,0,,
20,20,6,0,,
20,20,1,0,,
20,20,2,0,,
20,20,3,0,,
20,20,4,0,,
20,20,5,0.1,,
20,20,6,0,,
20,20,1,0,,
20,20,2,0,,
20,20,3,0,,
20,20,4,0,,
20,20,5,0,,
20,20,6,0,,
20,20,1,0,,
20,20,2,0,,
20,20,3,0,,
20,20,4,0.2,,
20,20,5,0.1,,
20,20,6,0.2,,
20,20,1,0,,
20,20,2,0.1,,
20,20,3,0.4,,
20,20,4,0.7,,
20,20,5,3.8,,
20,20,6,0.6,,
20,20,1,0,,
20,20,2,0.5,,
20,20,3,2.8,,
20,20,4,5.4,,
20,20,5,9.8,,
20,20,6,6.6,,
20,20,1,0.3,,
20,20,2,1.4,,
20,20,3,1.6,,
20,20,4,2.6,,
20,20,5,5.8,,
20,20,6,5.7,,
20,20,1,0.9,,
20,20,2,1.7,,
20,20,3,3.6,,
20,20,4,6,,
20,20,5,9.1,,
20,20,6,10,,
20,20,1,1.7,,
20,20,2,6.4,,
20,20,3,12,,
20,20,4,18.200001,,
20,20,5,21.299999,,
20,20,6,11.6,,
,,,,,
21,21,1,8.6,,
21,21,2,9.9,,
21,21,3,14,,
21,21,4,16.1,,
21,21,5,3.7,,
21,21,6,29.299999,,
21,21,1,11.9,,
21,21,2,11.8,,
21,21,3,4.6,,
21,21,4,0.4,,
21,21,5,0.1,,
21,21,6,0.1,,
21,21,1,18.9,,
21,21,2,6.8,,
21,21,3,1.4,,
21,21,4,0,,
21,21,5,0,,
21,21,6,0.5,,
21,21,1,16.9,,
21,21,2,7.8,,
21,21,3,0,,
21,21,4,0.1,,
21,21,5,0.4,,
21,21,6,0,,
21,21,1,7.7,,
21,21,2,0,,
21,21,3,0,,
21,21,4,0,,
21,21,5,0,,
21,21,6,0,,
21,21,1,0,,
21,21,2,0,,
21,21,3,0,,
21,21,4,0.1,,
21,21,5,0,,
21,21,6,0,,
21,21,1,0,,
21,21,2,0,,
21,21,3,0,,
21,21,4,0,,
21,21,5,0,,
21,21,6,0,,
21,21,1,0.2,,
21,21,2,0.4,,
21,21,3,0,,
21,21,4,0,,
21,21,5,0,,
21,21,6,0,,
21,21,1,0.4,,
21,21,2,0.7,,
21,21,3,0,,
21,21,4,0,,
21,21,5,0,,
21,21,6,0,,
21,21,1,0.6,,
21,21,2,0,,
21,21,3,0,,
21,21,4,0,,
21,21,5,0,,
21,21,6,0,,
21,21,1,0,,
21,21,2,0,,
21,21,3,0,,
21,21,4,0,,
21,21,5,0,,
21,21,6,0,,
21,21,1,0.2,,
21,21,2,0,,
21,21,3,0,,
21,21,4,0,,
21,21,5,0,,
21,21,6,0,,
21,21,1,0,,
21,21,2,0,,
21,21,3,0,,
21,21,4,0,,
21,21,5,0,,
21,21,6,0,,
21,21,1,0,,
21,21,2,0,,
21,21,3,0,,
21,21,4,0,,
21,21,5,0,,
21,21,6,0,,
21,21,1,0,,
21,21,2,0,,
21,21,3,0,,
21,21,4,0,,
21,21,5,0,,
21,21,6,0,,
21,21,1,0.1,,
21,21,2,0,,
21,21,3,0,,
21,21,4,0,,
21,21,5,0,,
21,21,6,0,,
21,21,1,0,,
21,21,2,0,,
21,21,3,0,,
21,21,4,0,,
21,21,5,0,,
21,21,6,0,,
21,21,1,0,,
21,21,2,0,,
21,21,3,0,,
21,21,4,0,,
21,21,5,0,,
21,21,6,0,,
21,21,1,0,,
21,21,2,0,,
21,21,3,0,,
21,21,4,0,,
21,21,5,0,,
21,21,6,0,,
21,21,1,0,,
21,21,2,4.6,,
21,21,3,0,,
21,21,4,0,,
21,21,5,0,,
21,21,6,0,,
21,21,1,1,,
21,21,2,0.5,,
21,21,3,0,,
21,21,4,0,,
21,21,5,0,,
21,21,6,0,,
21,21,1,0.2,,
21,21,2,0,,
21,21,3,0,,
21,21,4,0,,
21,21,5,0,,
21,21,6,0,,
21,21,1,0,,
21,21,2,0,,
21,21,3,0,,
21,21,4,0,,
21,21,5,0,,
21,21,6,0,,
21,21,1,0,,
21,21,2,0,,
21,21,3,0.1,,
21,21,4,0.1,,
21,21,5,0,,
21,21,6,0,,
,,,,,
22,22,1,0,,
22,22,2,0,,
22,22,3,0,,
22,22,4,0.2,,
22,22,5,0,,
22,22,6,0,,
22,22,1,0,,
22,22,2,0,,
22,22,3,0,,
22,22,4,0,,
22,22,5,0,,
22,22,6,0,,
22,22,1,0,,
22,22,2,0,,
22,22,3,0,,
22,22,4,0,,
22,22,5,0,,
22,22,6,0,,
22,22,1,0,,
22,22,2,0,,
22,22,3,0,,
22,22,4,0,,
22,22,5,0,,
22,22,6,0,,
22,22,1,0,,
22,22,2,0,,
22,22,3,0,,
22,22,4,0,,
22,22,5,0,,
22,22,6,0,,
22,22,1,0,,
22,22,2,0,,
22,22,3,0,,
22,22,4,0,,
22,22,5,0,,
22,22,6,0,,
22,22,1,0,,
22,22,2,0,,
22,22,3,0,,
22,22,4,0,,
22,22,5,0,,
22,22,6,0,,
22,22,1,0,,
22,22,2,0,,
22,22,3,0,,
22,22,4,0,,
22,22,5,0,,
22,22,6,0,,
22,22,1,0,,
22,22,2,0,,
22,22,3,0,,
22,22,4,0,,
22,22,5,0,,
22,22,6,0,,
22,22,1,0,,
22,22,2,0,,
22,22,3,0,,
22,22,4,0,,
22,22,5,0,,
22,22,6,0,,
22,22,1,0,,
22,22,2,0,,
22,22,3,0,,
22,22,4,0,,
22,22,5,0,,
22,22,6,0,,
22,22,1,0,,
22,22,2,0,,
22,22,3,0,,
22,22,4,0,,
22,22,5,0,,
22,22,6,0,,
22,22,1,0,,
22,22,2,0,,
22,22,3,0,,
22,22,4,0,,
22,22,5,0,,
22,22,6,0,,
22,22,1,0,,
22,22,2,0,,
22,22,3,0,,
22,22,4,0,,
22,22,5,0,,
22,22,6,0,,
22,22,1,0,,
22,22,2,0,,
22,22,3,0,,
22,22,4,0,,
22,22,5,0,,
22,22,6,0,,
22,22,1,0,,
22,22,2,0,,
22,22,3,0,,
22,22,4,0,,
22,22,5,0,,
22,22,6,0,,
22,22,1,0,,
22,22,2,0,,
22,22,3,0,,
22,22,4,0,,
22,22,5,0,,
22,22,6,0,,
22,22,1,0,,
22,22,2,0,,
22,22,3,0,,
22,22,4,0,,
22,22,5,0,,
22,22,6,0,,
22,22,1,0,,
22,22,2,0,,
22,22,3,0,,
22,22,4,0,,
22,22,5,0,,
22,22,6,0,,
22,22,1,0,,
22,22,2,0,,
22,22,3,0.1,,
22,22,4,0.3,,
22,22,5,0,,
22,22,6,0,,
22,22,1,0,,
22,22,2,0,,
22,22,3,0,,
22,22,4,0,,
22,22,5,0,,
22,22,6,0,,
22,22,1,0,,
22,22,2,0,,
22,22,3,0,,
22,22,4,0,,
22,22,5,0,,
22,22,6,0,,
22,22,1,0,,
22,22,2,0,,
22,22,3,0,,
22,22,4,0,,
22,22,5,0,,
22,22,6,0.4,,
22,22,1,0,,
22,22,2,0,,
22,22,3,0,,
22,22,4,0,,
22,22,5,0,,
22,22,6,0.4,,
,,,,,
23,23,1,0,,
23,23,2,0,,
23,23,3,0,,
23,23,4,2.8,,
23,23,5,1.2,,
23,23,6,2.9,,
23,23,1,0,,
23,23,2,0.2,,
23,23,3,1.1,,
23,23,4,3.1,,
23,23,5,6.2,,
23,23,6,9.4,,
23,23,1,0.5,,
23,23,2,0.5,,
23,23,3,1.4,,
23,23,4,2.5,,
23,23,5,4.2,,
23,23,6,3.9,,
23,23,1,1.8,,
23,23,2,1.9,,
23,23,3,2.6,,
23,23,4,3.5,,
23,23,5,2.8,,
23,23,6,8.1,,
23,23,1,1.5,,
23,23,2,1.6,,
23,23,3,1.3,,
23,23,4,1.1,,
23,23,5,8.3,,
23,23,6,5.7,,
23,23,1,1.5,,
23,23,2,1.9,,
23,23,3,2.3,,
23,23,4,9.6,,
23,23,5,4.2,,
23,23,6,8.6,,
23,23,1,1,,
23,23,2,0.7,,
23,23,3,1,,
23,23,4,5.1,,
23,23,5,4.5,,
23,23,6,2.8,,
23,23,1,0.9,,
23,23,2,1.2,,
23,23,3,7.2,,
23,23,4,12.3,,
23,23,5,8.3,,
23,23,6,2.4,,
23,23,1,0.8,,
23,23,2,7.6,,
23,23,3,14.9,,
23,23,4,6.3,,
23,23,5,6.1,,
23,23,6,9,,
23,23,1,4.3,,
23,23,2,5.6,,
23,23,3,3.5,,
23,23,4,3.8,,
23,23,5,4.9,,
23,23,6,0.8,,
23,23,1,3.5,,
23,23,2,1.9,,
23,23,3,0.9,,
23,23,4,5.7,,
23,23,5,7.2,,
23,23,6,4.6,,
23,23,1,0.7,,
23,23,2,0.2,,
23,23,3,0.1,,
23,23,4,0.2,,
23,23,5,0.5,,
23,23,6,0.3,,
23,23,1,0.2,,
23,23,2,0,,
23,23,3,0,,
23,23,4,0,,
23,23,5,0.2,,
23,23,6,1.4,,
23,23,1,0.3,,
23,23,2,0.1,,
23,23,3,0,,
23,23,4,0.6,,
23,23,5,1.6,,
23,23,6,2,,
23,23,1,0,,
23,23,2,0,,
23,23,3,0,,
23,23,4,2.4,,
23,23,5,0.8,,
23,23,6,5.5,,
23,23,1,0,,
23,23,2,0,,
23,23,3,0.4,,
23,23,4,0.6,,
23,23,5,3.3,,
23,23,6,8,,
23,23,1,0,,
23,23,2,0.4,,
23,23,3,0.9,,
23,23,4,0.2,,
23,23,5,0.5,,
23,23,6,5.2,,
23,23,1,0.3,,
23,23,2,2.5,,
23,23,3,0.8,,
23,23,4,1.2,,
23,23,5,1.7,,
23,23,6,4.7,,
23,23,1,1.9,,
23,23,2,1.2,,
23,23,3,0.1,,
23,23,4,0.2,,
23,23,5,1.4,,
23,23,6,0.9,,
23,23,1,0.3,,
23,23,2,0,,
23,23,3,1.3,,
23,23,4,1.2,,
23,23,5,2.4,,
23,23,6,0,,
23,23,1,0,,
23,23,2,0.9,,
23,23,3,0.8,,
23,23,4,0.3,,
23,23,5,0,,
23,23,6,0.2,,
23,23,1,0.5,,
23,23,2,0.1,,
23,23,3,0,,
23,23,4,0,,
23,23,5,0,,
23,23,6,0,,
23,23,1,0.2,,
23,23,2,0,,
23,23,3,0,,
23,23,4,0,,
23,23,5,0,,
23,23,6,0,,
23,23,1,0.4,,
23,23,2,0.7,,
23,23,3,0,,
23,23,4,0,,
23,23,5,1.2,,
23,23,6,0.1,,
,,,,,
24,24,1,1.6,,
24,24,2,0,,
24,24,3,0.2,,
24,24,4,0,,
24,24,5,0,,
24,24,6,0.1,,
24,24,1,0,,
24,24,2,2.1,,
24,24,3,0.4,,
24,24,4,0.7,,
24,24,5,0,,
24,24,6,0,,
24,24,1,1.1,,
24,24,2,1.6,,
24,24,3,0.2,,
24,24,4,0,,
24,24,5,0,,
24,24,6,0,,
24,24,1,1.3,,
24,24,2,0.4,,
24,24,3,0,,
24,24,4,0,,
24,24,5,0,,
24,24,6,0,,
24,24,1,0.4,,
24,24,2,0,,
24,24,3,0,,
24,24,4,0,,
24,24,5,0,,
24,24,6,0,,
24,24,1,0,,
24,24,2,2.4,,
24,24,3,0.6,,
24,24,4,0,,
24,24,5,0,,
24,24,6,0,,
24,24,1,2.9,,
24,24,2,1,,
24,24,3,0,,
24,24,4,0,,
24,24,5,0,,
24,24,6,0,,
24,24,1,3.9,,
24,24,2,0,,
24,24,3,0,,
24,24,4,0,,
24,24,5,0,,
24,24,6,0,,
24,24,1,0,,
24,24,2,0,,
24,24,3,0,,
24,24,4,0,,
24,24,5,0,,
24,24,6,0.1,,
24,24,1,0.4,,
24,24,2,0,,
24,24,3,0,,
24,24,4,0,,
24,24,5,0,,
24,24,6,0,,
24,24,1,0.1,,
24,24,2,0,,
24,24,3,0,,
24,24,4,0,,
24,24,5,0,,
24,24,6,0,,
24,24,1,0,,
24,24,2,0,,
24,24,3,0,,
24,24,4,0,,
24,24,5,0,,
24,24,6,0,,
24,24,1,0,,
24,24,2,0,,
24,24,3,0,,
24,24,4,0,,
24,24,5,0,,
24,24,6,0,,
24,24,1,0,,
24,24,2,0,,
24,24,3,0,,
24,24,4,0,,
24,24,5,0,,
24,24,6,0,,
24,24,1,0,,
24,24,2,0,,
24,24,3,0,,
24,24,4,0,,
24,24,5,0,,
24,24,6,0,,
24,24,1,1.1,,
24,24,2,0.1,,
24,24,3,0,,
24,24,4,0,,
24,24,5,0.2,,
24,24,6,0.1,,
24,24,1,0.2,,
24,24,2,1,,
24,24,3,0.3,,
24,24,4,0,,
24,24,5,0,,
24,24,6,0.5,,
24,24,1,2.5,,
24,24,2,0,,
24,24,3,0,,
24,24,4,0,,
24,24,5,0,,
24,24,6,4.4,,
24,24,1,0,,
24,24,2,0,,
24,24,3,0.1,,
24,24,4,0,,
24,24,5,0,,
24,24,6,0,,
24,24,1,0,,
24,24,2,0.1,,
24,24,3,0.7,,
24,24,4,0,,
24,24,5,0.2,,
24,24,6,1.4,,
24,24,1,0,,
24,24,2,0,,
24,24,3,0,,
24,24,4,0,,
24,24,5,0,,
24,24,6,1,,
24,24,1,0,,
24,24,2,0,,
24,24,3,0.3,,
24,24,4,0,,
24,24,5,0,,
24,24,6,0.3,,
24,24,1,0.1,,
24,24,2,0,,
24,24,3,0,,
24,24,4,0.1,,
24,24,5,4.1,,
24,24,6,0.9,,
24,24,1,0,,
24,24,2,0,,
24,24,3,0,,
24,24,4,0,,
24,24,5,0.9,,
24,24,6,0.3,,
,,,,,
25,25,1,0,,
25,25,2,0.1,,
25,25,3,0.3,,
25,25,4,0.2,,
25,25,5,0,,
25,25,6,0,,
25,25,1,0,,
25,25,2,0,,
25,25,3,0,,
25,25,4,0,,
25,25,5,0,,
25,25,6,0,,
25,25,1,0.2,,
25,25,2,1.3,,
25,25,3,1.9,,
25,25,4,0,,
25,25,5,0,,
25,25,6,0,,
25,25,1,0.6,,
25,25,2,0.1,,
25,25,3,0,,
25,25,4,0,,
25,25,5,0,,
25,25,6,0,,
25,25,1,0,,
25,25,2,0,,
25,25,3,0,,
25,25,4,0,,
25,25,5,0,,
25,25,6,0,,
25,25,1,0,,
25,25,2,0,,
25,25,3,0,,
25,25,4,0,,
25,25,5,0,,
25,25,6,0,,
25,25,1,0,,
25,25,2,0,,
25,25,3,0,,
25,25,4,0,,
25,25,5,0,,
25,25,6,0,,
25,25,1,0,,
25,25,2,0,,
25,25,3,0,,
25,25,4,0,,
25,25,5,0,,
25,25,6,0,,
25,25,1,0,,
25,25,2,0,,
25,25,3,0,,
25,25,4,0,,
25,25,5,0,,
25,25,6,0,,
25,25,1,0,,
25,25,2,0,,
25,25,3,0,,
25,25,4,0,,
25,25,5,0,,
25,25,6,0,,
25,25,1,0,,
25,25,2,0,,
25,25,3,0,,
25,25,4,0,,
25,25,5,0,,
25,25,6,0,,
25,25,1,0,,
25,25,2,0,,
25,25,3,0,,
25,25,4,0,,
25,25,5,0,,
25,25,6,0,,
25,25,1,0,,
25,25,2,0,,
25,25,3,0,,
25,25,4,0,,
25,25,5,0,,
25,25,6,0,,
25,25,1,0,,
25,25,2,0,,
25,25,3,0,,
25,25,4,0,,
25,25,5,0,,
25,25,6,0,,
25,25,1,0,,
25,25,2,0,,
25,25,3,0,,
25,25,4,0,,
25,25,5,0,,
25,25,6,0,,
25,25,1,0,,
25,25,2,0,,
25,25,3,0,,
25,25,4,0,,
25,25,5,0,,
25,25,6,0,,
25,25,1,0,,
25,25,2,0,,
25,25,3,0,,
25,25,4,0,,
25,25,5,0,,
25,25,6,0,,
25,25,1,0,,
25,25,2,0,,
25,25,3,0,,
25,25,4,0,,
25,25,5,0,,
25,25,6,0,,
25,25,1,0,,
25,25,2,0,,
25,25,3,0,,
25,25,4,0,,
25,25,5,0,,
25,25,6,0,,
25,25,1,0,,
25,25,2,0,,
25,25,3,0,,
25,25,4,0,,
25,25,5,0,,
25,25,6,0,,
25,25,1,0,,
25,25,2,0,,
25,25,3,0,,
25,25,4,0,,
25,25,5,0,,
25,25,6,0,,
25,25,1,0,,
25,25,2,0,,
25,25,3,0,,
25,25,4,0,,
25,25,5,0,,
25,25,6,0,,
25,25,1,0,,
25,25,2,0,,
25,25,3,0,,
25,25,4,0,,
25,25,5,0,,
25,25,6,0,,
25,25,1,0,,
25,25,2,0,,
25,25,3,0,,
25,25,4,0,,
25,25,5,0,,
25,25,6,0,,
,,,,,
26,26,1,0,,
26,26,2,0,,
26,26,3,0,,
26,26,4,0,,
26,26,5,0,,
26,26,6,0,,
26,26,1,0,,
26,26,2,0,,
26,26,3,0,,
26,26,4,0,,
26,26,5,0,,
26,26,6,0,,
26,26,1,0,,
26,26,2,0,,
26,26,3,0,,
26,26,4,0,,
26,26,5,0,,
26,26,6,0,,
26,26,1,0,,
26,26,2,0,,
26,26,3,0,,
26,26,4,0,,
26,26,5,0,,
26,26,6,0,,
26,26,1,0,,
26,26,2,0,,
26,26,3,0.2,,
26,26,4,0,,
26,26,5,0,,
26,26,6,0,,
26,26,1,0,,
26,26,2,0,,
26,26,3,0,,
26,26,4,0,,
26,26,5,0,,
26,26,6,0.1,,
26,26,1,0,,
26,26,2,0,,
26,26,3,0,,
26,26,4,0,,
26,26,5,0,,
26,26,6,0,,
26,26,1,0,,
26,26,2,0,,
26,26,3,0,,
26,26,4,0,,
26,26,5,0,,
26,26,6,0,,
26,26,1,0,,
26,26,2,0,,
26,26,3,0,,
26,26,4,0,,
26,26,5,0,,
26,26,6,0,,
26,26,1,0.1,,
26,26,2,0.5,,
26,26,3,0.7,,
26,26,4,1.6,,
26,26,5,0.3,,
26,26,6,0.1,,
26,26,1,0.3,,
26,26,2,0,,
26,26,3,0.4,,
26,26,4,0.1,,
26,26,5,4.2,,
26,26,6,0.4,,
26,26,1,0,,
26,26,2,0,,
26,26,3,0.1,,
26,26,4,0,,
26,26,5,0,,
26,26,6,0,,
26,26,1,0,,
26,26,2,0,,
26,26,3,0,,
26,26,4,0,,
26,26,5,0,,
26,26,6,0,,
26,26,1,0,,
26,26,2,0,,
26,26,3,0,,
26,26,4,0,,
26,26,5,0,,
26,26,6,0,,
26,26,1,0,,
26,26,2,0,,
26,26,3,0,,
26,26,4,0,,
26,26,5,0,,
26,26,6,0,,
26,26,1,0,,
26,26,2,0,,
26,26,3,0,,
26,26,4,0,,
26,26,5,0,,
26,26,6,0,,
26,26,1,0,,
26,26,2,0,,
26,26,3,0,,
26,26,4,0,,
26,26,5,0.2,,
26,26,6,0,,
26,26,1,0,,
26,26,2,0,,
26,26,3,0,,
26,26,4,0,,
26,26,5,0.1,,
26,26,6,0,,
26,26,1,0,,
26,26,2,0,,
26,26,3,0.4,,
26,26,4,0,,
26,26,5,0,,
26,26,6,0,,
26,26,1,0,,
26,26,2,0,,
26,26,3,0.3,,
26,26,4,0.2,,
26,26,5,0.3,,
26,26,6,0.5,,
26,26,1,0.1,,
26,26,2,0.3,,
26,26,3,0.7,,
26,26,4,0.7,,
26,26,5,1.4,,
26,26,6,1.5,,
26,26,1,0.3,,
26,26,2,0.7,,
26,26,3,1.6,,
26,26,4,1,,
26,26,5,1,,
26,26,6,2.7,,
26,26,1,1.5,,
26,26,2,1.1,,
26,26,3,1.6,,
26,26,4,2,,
26,26,5,2,,
26,26,6,1.8,,
26,26,1,0.8,,
26,26,2,0.2,,
26,26,3,0.8,,
26,26,4,2.1,,
26,26,5,0.8,,
26,26,6,1.4,,
,,,,,
27,27,1,0.5,,
27,27,2,0.5,,
27,27,3,0.5,,
27,27,4,0.9,,
27,27,5,1.6,,
27,27,6,0.8,,
27,27,1,0.3,,
27,27,2,0.1,,
27,27,3,0.4,,
27,27,4,1.3,,
27,27,5,2.1,,
27,27,6,0.2,,
27,27,1,0,,
27,27,2,0.2,,
27,27,3,2,,
27,27,4,1.8,,
27,27,5,1.2,,
27,27,6,0,,
27,27,1,0.5,,
27,27,2,1,,
27,27,3,0.9,,
27,27,4,0.9,,
27,27,5,0.1,,
27,27,6,0,,
27,27,1,1.3,,
27,27,2,1,,
27,27,3,0.6,,
27,27,4,0.3,,
27,27,5,0,,
27,27,6,0,,
27,27,1,0.7,,
27,27,2,0.3,,
27,27,3,0.7,,
27,27,4,0.3,,
27,27,5,0.3,,
27,27,6,0.1,,
27,27,1,0,,
27,27,2,0.2,,
27,27,3,0.4,,
27,27,4,0.9,,
27,27,5,0.4,,
27,27,6,3.1,,
27,27,1,0,,
27,27,2,0.1,,
27,27,3,0.6,,
27,27,4,0.6,,
27,27,5,0.1,,
27,27,6,0,,
27,27,1,0,,
27,27,2,0.3,,
27,27,3,0.1,,
27,27,4,0,,
27,27,5,0,,
27,27,6,0.1,,
27,27,1,0,,
27,27,2,0,,
27,27,3,0,,
27,27,4,0,,
27,27,5,0,,
27,27,6,0.1,,
27,27,1,0,,
27,27,2,0,,
27,27,3,0,,
27,27,4,0,,
27,27,5,0,,
27,27,6,0,,
27,27,1,0,,
27,27,2,0,,
27,27,3,0,,
27,27,4,0,,
27,27,5,0,,
27,27,6,0,,
27,27,1,0,,
27,27,2,0,,
27,27,3,0,,
27,27,4,0,,
27,27,5,0,,
27,27,6,0,,
27,27,1,0,,
27,27,2,0,,
27,27,3,0,,
27,27,4,0,,
27,27,5,0,,
27,27,6,0,,
27,27,1,0,,
27,27,2,0,,
27,27,3,0,,
27,27,4,0,,
27,27,5,0,,
27,27,6,0,,
27,27,1,0,,
27,27,2,0,,
27,27,3,0,,
27,27,4,0,,
27,27,5,0,,
27,27,6,0,,
27,27,1,0,,
27,27,2,0,,
27,27,3,0,,
27,27,4,0,,
27,27,5,0,,
27,27,6,0,,
27,27,1,0,,
27,27,2,0,,
27,27,3,0,,
27,27,4,0,,
27,27,5,0,,
27,27,6,0,,
27,27,1,0,,
27,27,2,0,,
27,27,3,0,,
27,27,4,0,,
27,27,5,0,,
27,27,6,0,,
27,27,1,0,,
27,27,2,0,,
27,27,3,0,,
27,27,4,0,,
27,27,5,0,,
27,27,6,0,,
27,27,1,0,,
27,27,2,0,,
27,27,3,0,,
27,27,4,0,,
27,27,5,0,,
27,27,6,0,,
27,27,1,0,,
27,27,2,0,,
27,27,3,0,,
27,27,4,0,,
27,27,5,0,,
27,27,6,0,,
27,27,1,0,,
27,27,2,0,,
27,27,3,0,,
27,27,4,0,,
27,27,5,0,,
27,27,6,0,,
27,27,1,0,,
27,27,2,0,,
27,27,3,0,,
27,27,4,0,,
27,27,5,0,,
27,27,6,0,,
,,,,,
28,28,1,0,,
28,28,2,0,,
28,28,3,0,,
28,28,4,0,,
28,28,5,0,,
28,28,6,0,,
28,28,1,0,,
28,28,2,0,,
28,28,3,0,,
28,28,4,0,,
28,28,5,0,,
28,28,6,0,,
28,28,1,0,,
28,28,2,0,,
28,28,3,0,,
28,28,4,0,,
28,28,5,0,,
28,28,6,0,,
28,28,1,0,,
28,28,2,0,,
28,28,3,0,,
28,28,4,0,,
28,28,5,0,,
28,28,6,0,,
28,28,1,0,,
28,28,2,0,,
28,28,3,0,,
28,28,4,0,,
28,28,5,0,,
28,28,6,0,,
28,28,1,0,,
28,28,2,0,,
28,28,3,0,,
28,28,4,0,,
28,28,5,0,,
28,28,6,0,,
28,28,1,0,,
28,28,2,0,,
28,28,3,0,,
28,28,4,0,,
28,28,5,0,,
28,28,6,0,,
28,28,1,0,,
28,28,2,0,,
28,28,3,0,,
28,28,4,0,,
28,28,5,0,,
28,28,6,0,,
28,28,1,0,,
28,28,2,0,,
28,28,3,0,,
28,28,4,0,,
28,28,5,0,,
28,28,6,0.1,,
28,28,1,0,,
28,28,2,0,,
28,28,3,0,,
28,28,4,0,,
28,28,5,0.4,,
28,28,6,0.1,,
28,28,1,0,,
28,28,2,0,,
28,28,3,0.1,,
28,28,4,0.2,,
28,28,5,0.5,,
28,28,6,0.2,,
28,28,1,0,,
28,28,2,0,,
28,28,3,0,,
28,28,4,0,,
28,28,5,0.4,,
28,28,6,0.1,,
28,28,1,0,,
28,28,2,0,,
28,28,3,0.1,,
28,28,4,0.1,,
28,28,5,0.1,,
28,28,6,0,,
28,28,1,0,,
28,28,2,0.1,,
28,28,3,0.9,,
28,28,4,1.7,,
28,28,5,1.5,,
28,28,6,0,,
28,28,1,0,,
28,28,2,0.3,,
28,28,3,14.8,,
28,28,4,4.8,,
28,28,5,0.9,,
28,28,6,0.9,,
28,28,1,0.4,,
28,28,2,2.9,,
28,28,3,0.7,,
28,28,4,3.2,,
28,28,5,0.4,,
28,28,6,0,,
28,28,1,1.8,,
28,28,2,0,,
28,28,3,1.6,,
28,28,4,0.4,,
28,28,5,0.1,,
28,28,6,0.3,,
28,28,1,0,,
28,28,2,0.2,,
28,28,3,0,,
28,28,4,0.1,,
28,28,5,0.1,,
28,28,6,0,,
28,28,1,0,,
28,28,2,0,,
28,28,3,0.2,,
28,28,4,0.8,,
28,28,5,0.3,,
28,28,6,0,,
28,28,1,0.4,,
28,28,2,0.1,,
28,28,3,0.3,,
28,28,4,0,,
28,28,5,0,,
28,28,6,0,,
28,28,1,1.2,,
28,28,2,0,,
28,28,3,0.5,,
28,28,4,0.4,,
28,28,5,0.1,,
28,28,6,0,,
28,28,1,4.3,,
28,28,2,0.2,,
28,28,3,0.5,,
28,28,4,0.3,,
28,28,5,0,,
28,28,6,0,,
28,28,1,0.4,,
28,28,2,0.2,,
28,28,3,0.3,,
28,28,4,0.2,,
28,28,5,0,,
28,28,6,0,,
28,28,1,0,,
28,28,2,0,,
28,28,3,0,,
28,28,4,0,,
28,28,5,0,,
28,28,6,0,,
,,,,,
29,29,1,0,,
29,29,2,0,,
29,29,3,0,,
29,29,4,0,,
29,29,5,0,,
29,29,6,0.3,,
29,29,1,0,,
29,29,2,0.1,,
29,29,3,0.7,,
29,29,4,0.1,,
29,29,5,0,,
29,29,6,0,,
29,29,1,0,,
29,29,2,0,,
29,29,3,0.4,,
29,29,4,0.3,,
29,29,5,0,,
29,29,6,0,,
29,29,1,0,,
29,29,2,0,,
29,29,3,0.1,,
29,29,4,0,,
29,29,5,0,,
29,29,6,0,,
29,29,1,0,,
29,29,2,0,,
29,29,3,0,,
29,29,4,0,,
29,29,5,0,,
29,29,6,0,,
29,29,1,0,,
29,29,2,0,,
29,29,3,0,,
29,29,4,0,,
29,29,5,0,,
29,29,6,0,,
29,29,1,0,,
29,29,2,0,,
29,29,3,0,,
29,29,4,0,,
29,29,5,0,,
29,29,6,0,,
29,29,1,0,,
29,29,2,0,,
29,29,3,0,,
29,29,4,0,,
29,29,5,0,,
29,29,6,0,,
29,29,1,0,,
29,29,2,0,,
29,29,3,0,,
29,29,4,0,,
29,29,5,0,,
29,29,6,0,,
29,29,1,0,,
29,29,2,0,,
29,29,3,0,,
29,29,4,0,,
29,29,5,0,,
29,29,6,0,,
29,29,1,0,,
29,29,2,0,,
29,29,3,0,,
29,29,4,0,,
29,29,5,0,,
29,29,6,0,,
29,29,1,0,,
29,29,2,0,,
29,29,3,0,,
29,29,4,0,,
29,29,5,0,,
29,29,6,0,,
29,29,1,0,,
29,29,2,0,,
29,29,3,0,,
29,29,4,0,,
29,29,5,0,,
29,29,6,0,,
29,29,1,0,,
29,29,2,0,,
29,29,3,0,,
29,29,4,0,,
29,29,5,0,,
29,29,6,0,,
29,29,1,0,,
29,29,2,0,,
29,29,3,0,,
29,29,4,0,,
29,29,5,0,,
29,29,6,0,,
29,29,1,0,,
29,29,2,0,,
29,29,3,0,,
29,29,4,0,,
29,29,5,0,,
29,29,6,0,,
29,29,1,0,,
29,29,2,0,,
29,29,3,0,,
29,29,4,0,,
29,29,5,0,,
29,29,6,0,,
29,29,1,0,,
29,29,2,0,,
29,29,3,0,,
29,29,4,0,,
29,29,5,0,,
29,29,6,0,,
29,29,1,0,,
29,29,2,0,,
29,29,3,0,,
29,29,4,0,,
29,29,5,0,,
29,29,6,0,,
29,29,1,0,,
29,29,2,0,,
29,29,3,0,,
29,29,4,0,,
29,29,5,0,,
29,29,6,0,,
29,29,1,0,,
29,29,2,0,,
29,29,3,0,,
29,29,4,0,,
29,29,5,0,,
29,29,6,0,,
29,29,1,0,,
29,29,2,0,,
29,29,3,0,,
29,29,4,0,,
29,29,5,0,,
29,29,6,0,,
29,29,1,0,,
29,29,2,0,,
29,29,3,0,,
29,29,4,0,,
29,29,5,0,,
29,29,6,0,,
29,29,1,0,,
29,29,2,0,,
29,29,3,0,,
29,29,4,0,,
29,29,5,0,,
29,29,6,0,,
,,,,,
30,30,1,0,,
30,30,2,0,,
30,30,3,0,,
30,30,4,0,,
30,30,5,0,,
30,30,6,0,,
30,30,1,0,,
30,30,2,0,,
30,30,3,0,,
30,30,4,0,,
30,30,5,0,,
30,30,6,0,,
30,30,1,0,,
30,30,2,0,,
30,30,3,0,,
30,30,4,0.1,,
30,30,5,0,,
30,30,6,0,,
30,30,1,0,,
30,30,2,0.1,,
30,30,3,0.4,,
30,30,4,0.2,,
30,30,5,0,,
30,30,6,0.2,,
30,30,1,0,,
30,30,2,0,,
30,30,3,0,,
30,30,4,0,,
30,30,5,0.2,,
30,30,6,0.1,,
30,30,1,0,,
30,30,2,0,,
30,30,3,0,,
30,30,4,0,,
30,30,5,0,,
30,30,6,0,,
30,30,1,0,,
30,30,2,0,,
30,30,3,0,,
30,30,4,0,,
30,30,5,0,,
30,30,6,0,,
30,30,1,0,,
30,30,2,0,,
30,30,3,0,,
30,30,4,0,,
30,30,5,0,,
30,30,6,0,,
30,30,1,0,,
30,30,2,0,,
30,30,3,0,,
30,30,4,0,,
30,30,5,0,,
30,30,6,0,,
30,30,1,0,,
30,30,2,0,,
30,30,3,0,,
30,30,4,0,,
30,30,5,0,,
30,30,6,0,,
30,30,1,0,,
30,30,2,0,,
30,30,3,0,,
30,30,4,0,,
30,30,5,0,,
30,30,6,0,,
30,30,1,0,,
30,30,2,0,,
30,30,3,0,,
30,30,4,0,,
30,30,5,0,,
30,30,6,0,,
30,30,1,0,,
30,30,2,0,,
30,30,3,0,,
30,30,4,0,,
30,30,5,0,,
30,30,6,0,,
30,30,1,0,,
30,30,2,0,,
30,30,3,0,,
30,30,4,0,,
30,30,5,0,,
30,30,6,0,,
30,30,1,0,,
30,30,2,0,,
30,30,3,0,,
30,30,4,0,,
30,30,5,0,,
30,30,6,0,,
30,30,1,0,,
30,30,2,0,,
30,30,3,0,,
30,30,4,0,,
30,30,5,0,,
30,30,6,0,,
30,30,1,0,,
30,30,2,0,,
30,30,3,0,,
30,30,4,0,,
30,30,5,0,,
30,30,6,0,,
30,30,1,0,,
30,30,2,0,,
30,30,3,0,,
30,30,4,0,,
30,30,5,0,,
30,30,6,0,,
30,30,1,0,,
30,30,2,0,,
30,30,3,0.1,,
30,30,4,0.2,,
30,30,5,0,,
30,30,6,0,,
30,30,1,0,,
30,30,2,0,,
30,30,3,0.1,,
30,30,4,0.2,,
30,30,5,0.1,,
30,30,6,0.1,,
30,30,1,0,,
30,30,2,0,,
30,30,3,0.3,,
30,30,4,0.3,,
30,30,5,0.1,,
30,30,6,0,,
30,30,1,0,,
30,30,2,0.5,,
30,30,3,0.8,,
30,30,4,0,,
30,30,5,0.8,,
30,30,6,0.2,,
30,30,1,0.8,,
30,30,2,1,,
30,30,3,0.3,,
30,30,4,0.3,,
30,30,5,1.8,,
30,30,6,3.8,,
30,30,1,0.5,,
30,30,2,0.3,,
30,30,3,1.1,,
30,30,4,1.8,,
30,30,5,3.3,,
30,30,6,2.2,,
,,,,,
31,31,1,0,,
31,31,2,0.2,,
31,31,3,0.7,,
31,31,4,1.7,,
31,31,5,4.3,,
31,31,6,4.1,,
31,31,1,0.1,,
31,31,2,1.8,,
31,31,3,4.6,,
31,31,4,9.7,,
31,31,5,8.7,,
31,31,6,4.8,,
31,31,1,3,,
31,31,2,7.3,,
31,31,3,3.1,,
31,31,4,5,,
31,31,5,7.8,,
31,31,6,5,,
31,31,1,11.7,,
31,31,2,7.8,,
31,31,3,10.3,,
31,31,4,13.1,,
31,31,5,16.1,,
31,31,6,9.2,,
31,31,1,10.6,,
31,31,2,13,,
31,31,3,4.7,,
31,31,4,6,,
31,31,5,6.4,,
31,31,6,4.8,,
31,31,1,17.200001,,
31,31,2,11.7,,
31,31,3,8.4,,
31,31,4,7.2,,
31,31,5,7.2,,
31,31,6,5.3,,
31,31,1,15.8,,
31,31,2,10.3,,
31,31,3,4.2,,
31,31,4,3.7,,
31,31,5,2.8,,
31,31,6,1.4,,
31,31,1,13.3,,
31,31,2,11,,
31,31,3,8.1,,
31,31,4,4.1,,
31,31,5,6.3,,
31,31,6,4.2,,
31,31,1,10.6,,
31,31,2,5.4,,
31,31,3,6.6,,
31,31,4,3,,
31,31,5,1.2,,
31,31,6,2.5,,
31,31,1,5.9,,
31,31,2,3,,
31,31,3,1.8,,
31,31,4,6,,
31,31,5,3.9,,
31,31,6,6.2,,
31,31,1,2.1,,
31,31,2,0.5,,
31,31,3,0.3,,
31,31,4,0.1,,
31,31,5,0,,
31,31,6,0.7,,
31,31,1,5.5,,
31,31,2,1,,
31,31,3,0,,
31,31,4,3.4,,
31,31,5,5.1,,
31,31,6,0.8,,
31,31,1,6.4,,
31,31,2,7.4,,
31,31,3,8.3,,
31,31,4,2.9,,
31,31,5,5.3,,
31,31,6,11.4,,
31,31,1,10.6,,
31,31,2,7.8,,
31,31,3,0.5,,
31,31,4,1.8,,
31,31,5,1.8,,
31,31,6,0.5,,
31,31,1,10.9,,
31,31,2,0.8,,
31,31,3,1.4,,
31,31,4,0.6,,
31,31,5,1,,
31,31,6,6,,
31,31,1,0.4,,
31,31,2,0.3,,
31,31,3,0.3,,
31,31,4,0.5,,
31,31,5,2.3,,
31,31,6,9.9,,
31,31,1,0,,
31,31,2,0.5,,
31,31,3,0,,
31,31,4,1.5,,
31,31,5,3.2,,
31,31,6,0.1,,
31,31,1,0,,
31,31,2,0,,
31,31,3,0.1,,
31,31,4,0.3,,
31,31,5,0.8,,
31,31,6,0,,
31,31,1,0,,
31,31,2,0.1,,
31,31,3,0,,
31,31,4,0.3,,
31,31,5,0.5,,
31,31,6,0,,
31,31,1,0,,
31,31,2,0.4,,
31,31,3,0.4,,
31,31,4,0.1,,
31,31,5,0.3,,
31,31,6,0,,
31,31,1,0,,
31,31,2,0.1,,
31,31,3,0,,
31,31,4,0.1,,
31,31,5,0,,
31,31,6,0,,
31,31,1,0,,
31,31,2,0,,
31,31,3,0,,
31,31,4,0,,
31,31,5,0,,
31,31,6,0,,
31,31,1,0.1,,
31,31,2,0,,
31,31,3,0,,
31,31,4,0,,
31,31,5,0,,
31,31,6,0,,
31,31,1,0,,
31,31,2,0,,
31,31,3,0,,
31,31,4,0,,
31,31,5,0,,
31,31,6,0,,
 , ,,,,
