format,day,2020,2021,2022
1,1,0,6.1,0
1,1,0,1.6,0
1,1,15,1.6,0
1,1,20.5,0.8,0
1,1,0,0.6,0
1,1,0,0.8,0
1,1,0,1.1,0
1,1,0,0,0
1,1,0,1.8,0
1,1,0,0.8,0
1,1,0,0.7,0
1,1,0,0.5,0
1,1,4,0.2,0
1,1,6.5,1,0.5
1,1,0.5,0.2,1
1,1,0.5,0.7,2
1,1,0,1.2,4.5
1,1,0,0,4
1,1,0,1.2,4
1,1,0,0.6,0.5
1,1,0.5,0.4,0.5
1,1,0.5,1.4,0
1,1,0,1,0
1,1,1,0,0
1,1,0.5,1.1,0
1,1,4,1,0
1,1,0.5,1.5,0
1,1,5.5,2.9,0
1,1,4,1,0.5
1,1,0,0.4,1
1,1,4.5,0.9,0.5
1,1,3.5,1.1,1
1,1,0.5,4.1,11
1,1,0,0.9,0
1,1,0,2.5,0
1,1,0,0.5,0.5
1,1,0,0.5,1
1,1,0,1,7
1,1,0,1.4,11.5
1,1,0,1.6,3.5
1,1,1,2.7,3.5
1,1,13,10.6,1
1,1,8,0.3,7
1,1,1.5,0.6,18
1,1,11,0.1,1.5
1,1,0,1.1,4
1,1,6,19.299999,9.5
1,1,1,15.8,0
1,1,3.5,0.3,0
1,1,0,0,0
1,1,0.5,0.3,0
1,1,0,0.2,0
1,1,0.5,0.7,0
1,1,0,2.5,0
1,1,2,1,0
1,1,0,0.6,0
1,1,0,1.5,0
1,1,7.5,2.2,0
1,1,8.5,3.8,0
1,1,0,0.8,0
1,1,0,2.1,0
1,1,0,2.7,0
1,1,0,0.9,0
1,1,0,1,0
1,1,0,0.4,0.5
1,1,0,0.3,0
1,1,0,3.3,0
1,1,0,1.6,0
1,1,0.5,1.1,0
1,1,0,3.2,0
1,1,0,0.1,0
1,1,0,0.1,0
1,1,0,1.7,0
1,1,0,1.5,0
1,1,0,1,0
1,1,0,0.4,0
1,1,0,0.2,0
1,1,0,1,0
1,1,0,1.5,0
1,1,0.5,1.3,0
1,1,0,0.4,0
1,1,0,0.3,0
1,1,0,0.1,0
1,1,0,0.3,0
1,1,0,0.6,0
1,1,2,0,0
1,1,0,0,0
1,1,0,0.2,0
1,1,0,0.2,0
1,1,0,0,0
1,1,0,0,0
1,1,0,0,0
1,1,0,0.2,0
1,1,0.5,0.1,0
1,1,1,0,0
1,1,0.5,0,0
1,1,0.5,0,0
1,1,0,0,0
1,1,0.5,0,0
1,1,0,0,0
1,1,0,0,0
1,1,0,0,0
1,1,0,0,0
1,1,1,0,0
1,1,1,0,0
1,1,0,0,0
1,1,0.5,0.6,0
1,1,0.5,4.6,0
1,1,0,0,0
1,1,0.5,0,0
1,1,7.5,0.4,0
1,1,4.5,2.2,0
1,1,5.5,0.8,0
1,1,7,0,0
1,1,12.5,0,0
1,1,21.5,0,0
1,1,19,1.4,0
1,1,14.5,0.1,0
1,1,0.5,0.9,0
1,1,1,0,0
1,1,0,2.5,0
1,1,0,1.7,0
1,1,0,0.3,0.5
1,1,0,0.4,0
1,1,0,0.1,0
1,1,0,0,0
1,1,0,1.9,0
1,1,0,0.4,0
1,1,0,0.7,0
1,1,0,0.2,0
1,1,0,0.1,0
1,1,0,0.1,0
1,1,0,0.4,2
1,1,0,0.4,0
1,1,0,0.2,0
1,1,0,0.4,0
1,1,0,1.9,0
1,1,0,0.7,0
1,1,0,0.3,0
1,1,0,0.1,0
1,1,0,0.4,0
1,1,0,0.2,0
1,1,0,0.4,0
1,1,0,0,1
2,2,0,0,0
2,2,0,0.2,0
2,2,0,0.3,0
2,2,0,0.2,0
2,2,0,0.1,0
2,2,0,0,0
2,2,0,0.2,0
2,2,0,0.3,0
2,2,0,0.2,0
2,2,0,0.1,0
2,2,0,0,0
2,2,0,0,0
2,2,0,0.3,0
2,2,0,0.2,0
2,2,0,0.1,0
2,2,0,0,0
2,2,0,0,0
2,2,0,0,0
2,2,0,0.3,0
2,2,0,0.5,0
2,2,0,0.2,0.5
2,2,0,0,0.5
2,2,0,0,0
2,2,0,0,0.5
2,2,0,0,0
2,2,0,0,0
2,2,1,0,3
2,2,0,0,55
2,2,0.5,0,2
2,2,0,0,1.5
2,2,0,0,14.5
2,2,0,0,0
2,2,0,0,27
2,2,0,0,0.5
2,2,0.5,0,83.5
2,2,6.5,0,22.1
2,2,5,0,51
2,2,2,0,16
2,2,0,0,2.5
2,2,0,0,0
2,2,0,0,15.5
2,2,1.5,3.8,11
2,2,0,0,10.5
2,2,0,0,0.5
2,2,1.5,0,2
2,2,0.5,0,0
2,2,6.5,0,0
2,2,1.5,0,0
2,2,1,0,-1
2,2,4.5,0,2
2,2,2,0,10.5
2,2,4.5,0,9.5
2,2,18.5,0.1,3.5
2,2,3.5,0,1
2,2,1,0,0
2,2,0.5,0,1.5
2,2,1,0.8,18
2,2,0,0.2,5
2,2,0,0,8.5
2,2,0,0,11.5
2,2,0,0,0.5
2,2,0,0,12.5
2,2,0,0,6
2,2,0,0,9
2,2,0,0,0
2,2,0,0,0.5
2,2,1,0,0
2,2,0,0,0
2,2,0,0,0
2,2,0,0,0
2,2,1,0,0
2,2,0.5,0,0
2,2,0,0,0
2,2,0,0,0
2,2,0,0,0
2,2,0,0,0
2,2,0,0,0
2,2,1,0,0
2,2,13.5,0,0
2,2,9,0,0
2,2,0.5,0,0
2,2,0,0,0
2,2,0,0,0
2,2,0,0,0
2,2,1,0,0.5
2,2,12,0,1.5
2,2,7,0,0
2,2,6.5,0,0.5
2,2,8,0,4.5
2,2,2.5,0,1
2,2,7.5,0,19.5
2,2,14,0,22.5
2,2,26.5,0,1.5
2,2,18.5,0,0.5
2,2,7.5,0,0
2,2,1.5,0,0
2,2,0,0,0
2,2,0,0,0
2,2,0,0,0
2,2,0,0,0.5
2,2,0,0,0
2,2,0,0,0
2,2,0,0,0
2,2,0,0,0
2,2,0,0,0
2,2,0,0,0
2,2,0,0,0
2,2,0,0,0
2,2,0,0,0
2,2,0,0,0
2,2,0,0,0
2,2,0,0,0
2,2,0,0,0
2,2,0,0,0
2,2,0,0,0
2,2,0,0,0
2,2,0,0,0
2,2,0,0,0
2,2,0,0,0
2,2,0,0,0
2,2,0,0,0
2,2,0,0,0
2,2,0,0,0
2,2,0,0,0
2,2,0,0,0
2,2,0,0,0
2,2,0,0,0
2,2,0,0,0
2,2,0,0,0
2,2,0,0,0
2,2,0,0,0
2,2,0,0,0
2,2,0,0,0
2,2,0,0,0
2,2,0,0,0
2,2,0,0,0
2,2,0,0,0
2,2,0,0,0
2,2,0,0,0
2,2,0,0,0
2,2,0,0,0
2,2,0,0,0
2,2,0,0,0
2,2,0,0,0
,,0,,0
3,3,0,0,0
3,3,0,0,0.5
3,3,0,0,1
3,3,0,0,1.5
3,3,0,0,0.5
3,3,0,0,0
3,3,0,0,0
3,3,0,0,0
3,3,0,0,0
3,3,0,0,0
3,3,0,0,0
3,3,0,0,0
3,3,0,0,0
3,3,0,0,0
3,3,0,0,0
3,3,0,0.1,0
3,3,0,2.5,0
3,3,0,1.1,0
3,3,0,0,0
3,3,0,1.6,0
3,3,0,0,0
3,3,0,0,0
3,3,0,1.3,0
3,3,0,2.1,0
3,3,0,5.4,0
3,3,0,0,0
3,3,0,0,0
3,3,0,0,0
3,3,0,0,0
3,3,0,0,0
3,3,0,0,0
3,3,0,0,0.5
3,3,0,0,0
3,3,0,0,0
3,3,0,0,0
3,3,0,0,0
3,3,0,2.1,0
3,3,0,0.1,0
3,3,0.5,0,0
3,3,0,0,0
3,3,2,0,0
3,3,1,0,0
3,3,0.5,0,0
3,3,20,0,0
3,3,14.5,0,0
3,3,4,0,0
3,3,0.5,0,0
3,3,1,0,0
3,3,0,0,0
3,3,1.5,0,0
3,3,5,0,0
3,3,0,0,0
3,3,2,0,0
3,3,0.5,0,0
3,3,0,0,0
3,3,0,0,0
3,3,0,0,1
3,3,0,0,0
3,3,0,0,0
3,3,0,0,0.5
3,3,0,0,0
3,3,0,0,0
3,3,0,0,0
3,3,0,0,0
3,3,0,0,0
3,3,0,0,0
3,3,0,0,0
3,3,0,0,0
3,3,0,0,0
3,3,0,0,0
3,3,0,0,0
3,3,0,0,0
3,3,0,0,0
3,3,0,0,0
3,3,0,0,0
3,3,0,0,0
3,3,0,0,0
3,3,0,0,0
3,3,0,0,0
3,3,0,0,0
3,3,0,0,0
3,3,0,0,0
3,3,0,0,0
3,3,0,0,0
3,3,0,0,0
3,3,0,0,0
3,3,0,0,0
3,3,0,0,0
3,3,0,2.6,0
3,3,0,2.7,0
3,3,0,0,0
3,3,0,0,0
3,3,0,0,0
3,3,0,0,0
3,3,0,0,0
3,3,0,0,0
3,3,0,0,0
3,3,0,0,0
3,3,0,0,0
3,3,0,0,0
3,3,0,0,0
3,3,0,0,0
3,3,0,0,0
3,3,0,0,0
3,3,0,0,0
3,3,0,0,0
3,3,0,0,0
3,3,0,0,0
3,3,0,0,0
3,3,0,0,0
3,3,0,0,0
3,3,0,0,0
3,3,0,0,0
3,3,0,0,0
3,3,0,0,0
3,3,0,0,0
3,3,0,0,0
3,3,0,0,0
3,3,0,0,0
3,3,0,0,0
3,3,0,0,0
3,3,0,0,0
3,3,0,0,0
3,3,0,0,0
3,3,0,0,0
3,3,0,0,0
3,3,0,0,0
3,3,0,0,0
3,3,0,0,0
3,3,0,0,0
3,3,0,0,0
3,3,0,0,0
3,3,0,0,0
3,3,0,0,0
3,3,0,0,0
3,3,0,0,0
3,3,0,0,0
3,3,0,0,0
3,3,0,0,0
3,3,0,0,0
3,3,0,0,0
3,3,0,0,0
3,3,0,0,0
3,3,0,0,-1
,,0,,0
4,4,0,0,0
4,4,0,0,0
4,4,0,0,0
4,4,0,0,0
4,4,0,0,4.5
4,4,0,0,22.5
4,4,0,0,0.5
4,4,0,0,0
4,4,0,0,5
4,4,0,0,0.5
4,4,0,0,3.5
4,4,0,0,0.5
4,4,0,0,0.5
4,4,0,0,0
4,4,0,0,0
4,4,0,0,0
4,4,0,0,0
4,4,0,0,0
4,4,0,0,0
4,4,0,0,0
4,4,0,0,0
4,4,0,0,0
4,4,0,0,0
4,4,0,0,0
4,4,0,0,0
4,4,0,0,0
4,4,0,0,0
4,4,0,0,0
4,4,0,0,0
4,4,0,0,0
4,4,0,0,0
4,4,0,0,0
4,4,0,0,0
4,4,0,0,0
4,4,0,0,0
4,4,0,0,0
4,4,0,0,0
4,4,0,0,0
4,4,0,0,0
4,4,0,0,0
4,4,0,0,0
4,4,0,0,0
4,4,0,0,0
4,4,0,0,0
4,4,0,0,0
4,4,0,0,0
4,4,0,0,0
4,4,0,0,0
4,4,0,0,0
4,4,0,0,0
4,4,0,0,0
4,4,0.5,0,0
4,4,0,0,0
4,4,0,0,0
4,4,0,0,0
4,4,0,0,0
4,4,0,0,0
4,4,0,0,0
4,4,0,0,0
4,4,0,0,0
4,4,0,0,0
4,4,0,0,0
4,4,0,0,0
4,4,0,0,0
4,4,0,0,0
4,4,0,0,0
4,4,0,0,0
4,4,0,0,0
4,4,0,0,0
4,4,0,0,0
4,4,0,0,0
4,4,0,0,0
4,4,0,0,0
4,4,0,0,0
4,4,0,0,0
4,4,7,0,0
4,4,3,0,0
4,4,0.5,0,0
4,4,2.5,0,0
4,4,16.5,0,0
4,4,0.5,0,0
4,4,2.5,0,0
4,4,0,0,0.5
4,4,0,0,1
4,4,0,0,0
4,4,0,0,0
4,4,0,0,0.5
4,4,0,0,0
4,4,0,0,0.5
4,4,0,0,1.5
4,4,0,0,1
4,4,0,0,0
4,4,0,0,0
4,4,0,0,0
4,4,0,0,0
4,4,0,0,0
4,4,0,0,0
4,4,0,0,0
4,4,0,0,0
4,4,0,0,0
4,4,0,0,0
4,4,0,0,0
4,4,0,0,0
4,4,0,0,0
4,4,0,0,0
4,4,0,0,0
4,4,0,0,0
4,4,0,0,0
4,4,0,0,0
4,4,0,0,0
4,4,0,0.7,0
4,4,0,2.9,0
4,4,0,0,0
4,4,0,0,0
4,4,0,0,0
4,4,0,0,0
4,4,0,0.8,0
4,4,0,0.2,0
4,4,0,0,0
4,4,0,0,0
4,4,0,0,0
4,4,0,0,0
4,4,0,0,0
4,4,0,0,0
4,4,0,0,0
4,4,0,0,0
4,4,0,0,0
4,4,0,0,0
4,4,0,0,0
4,4,0,0,0
4,4,0,0,0
4,4,0,0,0
4,4,0,0,0
4,4,0,0,0
4,4,0,0,0
4,4,0,0,0
4,4,0,0,0
4,4,0,0,0
4,4,0,0,0
4,4,0,0,0
4,4,0,0,0
4,4,0,0,0
4,4,0,0,0
4,4,0,0,0
,,0,,1
5,5,0,0,0.5
5,5,0,0,0
5,5,0,0,0
5,5,0,0,0
5,5,0,0,0
5,5,0,0,0
5,5,0,0,0
5,5,0,0,0
5,5,0,0,0
5,5,0,0,0
5,5,0,0,0
5,5,0,0,0
5,5,0,0,0
5,5,0,0,0
5,5,0,0,0
5,5,0,0,0
5,5,0,0,0
5,5,0,0,0
5,5,0,0,0
5,5,0,0,0
5,5,0,0,0
5,5,0,0,0
5,5,0,0,0
5,5,0,0,0
5,5,0,0,0
5,5,0,0,0
5,5,0,0,0
5,5,0,0,0
5,5,0,0,0
5,5,0,0,0
5,5,0,0,0
5,5,0.5,0,0
5,5,0,0,0
5,5,0,0,0
5,5,1,0,0
5,5,0,0,0
5,5,0.5,0,0
5,5,0,0,0.5
5,5,0,0,0
5,5,0,0,0
5,5,0,0,0
5,5,0.5,0,0
5,5,3.5,0,0
5,5,0.5,0,0
5,5,0.5,0,0
5,5,0,0,0
5,5,0,0,0
5,5,0.5,0,0
5,5,0,0,0
5,5,1.5,0,0
5,5,0,0,0
5,5,0,0,0
5,5,0,0,0
5,5,0,0,0
5,5,0,0,0
5,5,0,0,0
5,5,0,0,0
5,5,0,0,0
5,5,0,0,0
5,5,0,0,0
5,5,0,0,0
5,5,0,0,0
5,5,0,0,0
5,5,0,0,0
5,5,1,0,0
5,5,10.5,0,0
5,5,0,0,0
5,5,0,0,0
5,5,0,0,0
5,5,0,0,0
5,5,0,0,0
5,5,0,0,0
5,5,0,0,0
5,5,17,0,0
5,5,0.5,0,0
5,5,0,0,0
5,5,0,0,0
5,5,0,0,0
5,5,0,0,0
5,5,0,0,0
5,5,0,0,0
5,5,0,0,0
5,5,0,0,0
5,5,0,0,0
5,5,0,0,0
5,5,0,0,0
5,5,0,0,0
5,5,0,0,0
5,5,0,0,0
5,5,0,0,0
5,5,0,0,1
5,5,0,0,0
5,5,0,0,0.5
5,5,0,0,0
5,5,0.5,0,0
5,5,6,0,0.5
5,5,2,0,0
5,5,0,0,0
5,5,0,0,0
5,5,0,0,0
5,5,0.5,0,0
5,5,4,0,0
5,5,11,0,0
5,5,2.5,0,0
5,5,1.5,0,0
5,5,0,0,0
5,5,0,0,0
5,5,0,0,0
5,5,1,0,0
5,5,0.5,0,0.5
5,5,0,0,2.5
5,5,0,0,3
5,5,0.5,0,2.5
5,5,0,0,1.5
5,5,0.5,0,1
5,5,0,0,2.5
5,5,0,0,2
5,5,0,0,3
5,5,0,0,2
5,5,0,0,0.5
5,5,0,0,2
5,5,0,0,3
5,5,0,0,1
5,5,0,0,1.5
5,5,0,0,1
5,5,0,0,1
5,5,0,0,1
5,5,0,0,1
5,5,0,0,0
5,5,0,0,0
5,5,0,0,0
5,5,0,0,0
5,5,0,0,0
5,5,0,0,0
5,5,0,0,0
5,5,0,0,0
5,5,0,0,0
5,5,0,0,0
5,5,0,0,0
5,5,0,0,0
5,5,0,0,0
5,5,0,0,0
5,5,0,0,0
5,5,0,0,0
,,0,,0
6,6,0,0,0
6,6,0,0,0
6,6,0,0,0
6,6,0,0,0
6,6,0,0,0
6,6,0,0.4,0
6,6,0,0,0
6,6,0,0,0
6,6,0,0,0
6,6,0,0,0
6,6,0,0,0
6,6,0,0,0
6,6,0,0,0
6,6,0,0,0
6,6,0,0,0
6,6,0,0,0
6,6,0,0,0
6,6,0,0,0
6,6,0,0,0
6,6,0,0,0
6,6,,0,
6,6,,0,
6,6,,0,
6,6,,0,
6,6,,0,
6,6,,0,
6,6,,0,
6,6,,0,
6,6,,0,
6,6,,0,
6,6,,1,
6,6,,0,
6,6,,0,
6,6,,0,
6,6,,0,
6,6,,0,
6,6,,0,
6,6,,0,
6,6,,0,
6,6,,0,
6,6,,0,
6,6,,0,
6,6,,0,
6,6,,0,
6,6,,0,
6,6,,0,
6,6,,0,
6,6,,0,
6,6,,0,
6,6,,0,
6,6,,0,
6,6,,0,
6,6,,0.1,
6,6,,0,
6,6,,0,
6,6,,0,
6,6,,0.3,
6,6,,0.2,
6,6,,0,
6,6,,0,
6,6,,0,
6,6,,0,
6,6,,0,
6,6,,0,
6,6,,0,
6,6,,0,
6,6,,0.1,
6,6,,0,
6,6,,0,
6,6,,0,
6,6,,0,
6,6,,0,
6,6,,0,
6,6,,0,
6,6,,0,
6,6,,0,
6,6,,0,
6,6,,0,
6,6,,0,
6,6,,0,
6,6,,0,
6,6,,0,
6,6,,0,
6,6,,0,
6,6,,0,
6,6,,0,
6,6,,0,
6,6,,0,
6,6,,0,
6,6,,0,
6,6,,0,
6,6,,0,
6,6,,0,
6,6,,0,
6,6,,0,
6,6,,0,
6,6,,0,
6,6,,0,
6,6,,0,
6,6,,0,
6,6,,0,
6,6,,0,
6,6,,0,
6,6,,0,
6,6,,0,
6,6,,0,
6,6,,0,
6,6,,0,
6,6,,0,
6,6,,0,
6,6,,0,
6,6,,0,
6,6,,0,
6,6,,0,
6,6,,0,
6,6,,0,
6,6,,0,
6,6,,0,
6,6,,0,
6,6,,0,
6,6,,0,
6,6,,0,
6,6,,0,
6,6,,0,
6,6,,0,
6,6,,0,
6,6,,0,
6,6,,0,
6,6,,0,
6,6,,0,
6,6,,0,
6,6,,0,
6,6,,0,
6,6,,0,
6,6,,0,
6,6,,0,
6,6,,0,
6,6,,0,
6,6,,0,
6,6,,0,
6,6,,0,
6,6,,0,
6,6,,0,
6,6,,0,
,,,,
7,7,,0,
7,7,,0,
7,7,,0,
7,7,,0,
7,7,,0,
7,7,,0,
7,7,,0,
7,7,,0,
7,7,,0,
7,7,,0,
7,7,,0,
7,7,,0,
7,7,,0,
7,7,,0,
7,7,,0,
7,7,,0,
7,7,,0,
7,7,,0,
7,7,,0,
7,7,,0,
7,7,,0,
7,7,,0,
7,7,,0,
7,7,,0,
7,7,,0,
7,7,,0,
7,7,,0,
7,7,,0,
7,7,,0,
7,7,,0,
7,7,,0,
7,7,,0,
7,7,,0,
7,7,,0,
7,7,,0,
7,7,,0,
7,7,,0,
7,7,,0,
7,7,,0,
7,7,,0,
7,7,,0,
7,7,,0,
7,7,,0,
7,7,,0,
7,7,,0,
7,7,,0,
7,7,,0,
7,7,,0,
7,7,,0,
7,7,,0,
7,7,,0,
7,7,,0,
7,7,,0,
7,7,,0,
7,7,,0,
7,7,,0,
7,7,,0,
7,7,,0,
7,7,,0,
7,7,,0,
7,7,,0,
7,7,,0,
7,7,,0,
7,7,,0,
7,7,,0,
7,7,,0,
7,7,,0,
7,7,,0,
7,7,,0,
7,7,,0,
7,7,,0,
7,7,,0,
7,7,,0,
7,7,,0,
7,7,,0,
7,7,,0,
7,7,,0,
7,7,,0,
7,7,,0,
7,7,,0,
7,7,,0,
7,7,,0,
7,7,,0,
7,7,,0,
7,7,,0,
7,7,,0,
7,7,,0,
7,7,,0,
7,7,,0,
7,7,,0,
7,7,,0,
7,7,,0,
7,7,,0,
7,7,,0,
7,7,,0,
7,7,,0,
7,7,,0,
7,7,,0,
7,7,,0,
7,7,,0,
7,7,,0,
7,7,,0,
7,7,,0,
7,7,,0,
7,7,,0,
7,7,,0,
7,7,,0,
7,7,,0,
7,7,,0,
7,7,,0,
7,7,,0,
7,7,,0,
7,7,,0,
7,7,,0,
7,7,,0,
7,7,,0,
7,7,,0,
7,7,,0,
7,7,,0,
7,7,,0,
7,7,,0,
7,7,,0,
7,7,,0,
7,7,,0,
7,7,,0,
7,7,,0,
7,7,,0,
7,7,,0,
7,7,,0,
7,7,,0,
7,7,,0,
7,7,,0,
7,7,,0,
7,7,,0,
7,7,,0,
7,7,,0,
7,7,,0,
7,7,,0,
7,7,,0,
7,7,,0,
7,7,,0,
7,7,,0,
7,7,,0,
7,7,,0,
,,,,
8,8,,0,
8,8,,0,
8,8,,0,
8,8,,0.1,
8,8,,0,
8,8,,0,
8,8,,0,
8,8,,0,
8,8,,0,
8,8,,0,
8,8,,0,
8,8,,3.9,
8,8,,0,
8,8,,0,
8,8,,0,
8,8,,0,
8,8,,0,
8,8,,0,
8,8,,0,
8,8,,0,
8,8,,0,
8,8,,0,
8,8,,0,
8,8,,0,
8,8,,0,
8,8,,0,
8,8,,0,
8,8,,0,
8,8,,0,
8,8,,0.5,
8,8,,4.1,
8,8,,3.4,
8,8,,1.7,
8,8,,1.7,
8,8,,0,
8,8,,0,
8,8,,2.7,
8,8,,1.4,
8,8,,0.2,
8,8,,1.7,
8,8,,3.7,
8,8,,0.3,
8,8,,21.799999,
8,8,,6.7,
8,8,,0.6,
8,8,,0,
8,8,,0,
8,8,,0,
8,8,,1,
8,8,,0.7,
8,8,,0.1,
8,8,,0,
8,8,,0,
8,8,,0,
8,8,,2.1,
8,8,,3,
8,8,,1.8,
8,8,,0.4,
8,8,,0.1,
8,8,,0,
8,8,,1.1,
8,8,,0,
8,8,,0,
8,8,,0,
8,8,,0,
8,8,,0,
8,8,,0,
8,8,,0,
8,8,,0,
8,8,,0,
8,8,,0,
8,8,,0,
8,8,,0,
8,8,,0,
8,8,,0,
8,8,,0,
8,8,,0,
8,8,,0,
8,8,,0,
8,8,,0,
8,8,,0,
8,8,,0,
8,8,,0,
8,8,,0,
8,8,,0,
8,8,,0,
8,8,,0,
8,8,,0,
8,8,,0,
8,8,,0,
8,8,,0,
8,8,,0,
8,8,,0,
8,8,,0,
8,8,,0,
8,8,,0,
8,8,,0,
8,8,,0,
8,8,,0,
8,8,,0,
8,8,,0,
8,8,,0,
8,8,,0,
8,8,,0,
8,8,,0,
8,8,,0,
8,8,,0,
8,8,,0,
8,8,,0,
8,8,,0,
8,8,,0,
8,8,,0,
8,8,,0,
8,8,,0,
8,8,,0,
8,8,,0,
8,8,,0,
8,8,,0,
8,8,,0,
8,8,,0,
8,8,,0,
8,8,,0,
8,8,,0,
8,8,,0,
8,8,,0,
8,8,,0,
8,8,,0,
8,8,,0,
8,8,,0,
8,8,,0,
8,8,,0,
8,8,,0,
8,8,,0,
8,8,,0,
8,8,,0,
8,8,,0,
8,8,,0,
8,8,,0,
8,8,,0,
8,8,,0,
8,8,,0,
8,8,,0,
8,8,,0,
8,8,,0,
,,,,
9,9,,0,
9,9,,0,
9,9,,0,
9,9,,0,
9,9,,0,
9,9,,0,
9,9,,0,
9,9,,0,
9,9,,0,
9,9,,0,
9,9,,0,
9,9,,0,
9,9,,0,
9,9,,0,
9,9,,0,
9,9,,0,
9,9,,0,
9,9,,0,
9,9,,0,
9,9,,0,
9,9,,0,
9,9,,0,
9,9,,0,
9,9,,0,
9,9,,0,
9,9,,0,
9,9,,0,
9,9,,0,
9,9,,0,
9,9,,0,
9,9,,0,
9,9,,0,
9,9,,0,
9,9,,0,
9,9,,0,
9,9,,0,
9,9,,0,
9,9,,0,
9,9,,0,
9,9,,0,
9,9,,2.7,
9,9,,11.3,
9,9,,0,
9,9,,0,
9,9,,0,
9,9,,0,
9,9,,0,
9,9,,0,
9,9,,0,
9,9,,0,
9,9,,0,
9,9,,0,
9,9,,0,
9,9,,0,
9,9,,0,
9,9,,0,
9,9,,0,
9,9,,0,
9,9,,0,
9,9,,0,
9,9,,0,
9,9,,0,
9,9,,0,
9,9,,0,
9,9,,0,
9,9,,0,
9,9,,0,
9,9,,0,
9,9,,0,
9,9,,0,
9,9,,0,
9,9,,0,
9,9,,0,
9,9,,0,
9,9,,0,
9,9,,0,
9,9,,0.5,
9,9,,0.2,
9,9,,0,
9,9,,0,
9,9,,0,
9,9,,0,
9,9,,0,
9,9,,0.1,
9,9,,0,
9,9,,0,
9,9,,0,
9,9,,0,
9,9,,0,
9,9,,0,
9,9,,0,
9,9,,0,
9,9,,0,
9,9,,0,
9,9,,0,
9,9,,0,
9,9,,0,
9,9,,0,
9,9,,0,
9,9,,0,
9,9,,0,
9,9,,0,
9,9,,0,
9,9,,0,
9,9,,0,
9,9,,0,
9,9,,0,
9,9,,0,
9,9,,0,
9,9,,0,
9,9,,0,
9,9,,0,
9,9,,0,
9,9,,0,
9,9,,0,
9,9,,0,
9,9,,0,
9,9,,0,
9,9,,0,
9,9,,0,
9,9,,0,
9,9,,0,
9,9,,0,
9,9,,0,
9,9,,0,
9,9,,0,
9,9,,0,
9,9,,0,
9,9,,0.2,
9,9,,0,
9,9,,0,
9,9,,0,
9,9,,0,
9,9,,0,
9,9,,0,
9,9,,0,
9,9,,0,
9,9,,0,
9,9,,0,
9,9,,0,
9,9,,0,
9,9,,0,
9,9,,0,
9,9,,0,
,,,,
10,10,,0,
10,10,,0,
10,10,,0,
10,10,,0,
10,10,,0,
10,10,,0,
10,10,,0,
10,10,,0,
10,10,,0,
10,10,,0,
10,10,,0,
10,10,,0,
10,10,,0,
10,10,,0,
10,10,,0,
10,10,,0,
10,10,,0,
10,10,,0,
10,10,,0,
10,10,,0,
10,10,,0,
10,10,,0,
10,10,,0,
10,10,,0,
10,10,,0,
10,10,,0,
10,10,,0,
10,10,,0,
10,10,,0,
10,10,,0,
10,10,,0,
10,10,,0,
10,10,,0,
10,10,,0,
10,10,,0,
10,10,,0,
10,10,,0,
10,10,,0,
10,10,,0,
10,10,,0,
10,10,,0,
10,10,,0,
10,10,,0,
10,10,,0,
10,10,,0,
10,10,,0,
10,10,,0,
10,10,,0,
10,10,,0,
10,10,,0,
10,10,,0,
10,10,,0,
10,10,,0,
10,10,,0,
10,10,,0,
10,10,,0,
10,10,,0,
10,10,,0,
10,10,,0,
10,10,,0,
10,10,,0,
10,10,,0,
10,10,,0,
10,10,,0,
10,10,,0,
10,10,,0,
10,10,,0,
10,10,,0,
10,10,,0,
10,10,,0,
10,10,,0,
10,10,,0,
10,10,,0,
10,10,,0,
10,10,,0,
10,10,,0,
10,10,,0,
10,10,,0,
10,10,,0,
10,10,,0,
10,10,,0,
10,10,,0,
10,10,,0,
10,10,,0,
10,10,,0,
10,10,,0,
10,10,,0,
10,10,,0,
10,10,,0,
10,10,,0,
10,10,,0,
10,10,,0,
10,10,,0,
10,10,,0,
10,10,,0,
10,10,,0.1,
10,10,,0,
10,10,,0,
10,10,,0,
10,10,,0,
10,10,,0,
10,10,,0,
10,10,,0,
10,10,,0,
10,10,,0,
10,10,,0,
10,10,,0,
10,10,,0,
10,10,,0,
10,10,,0,
10,10,,0,
10,10,,0,
10,10,,0,
10,10,,0,
10,10,,0,
10,10,,0,
10,10,,0,
10,10,,0,
10,10,,0,
10,10,,0,
10,10,,0,
10,10,,0.2,
10,10,,4.5,
10,10,,12.9,
10,10,,0,
10,10,,0,
10,10,,0,
10,10,,0.1,
10,10,,0.2,
10,10,,0.2,
10,10,,0.2,
10,10,,0.2,
10,10,,0.1,
10,10,,1.3,
10,10,,0.6,
10,10,,0.2,
10,10,,0,
10,10,,0,
10,10,,0.1,
10,10,,0,
10,10,,0,
10,10,,0,
10,10,,0,
10,10,,0,
,,,,
11,11,,0,
11,11,,0,
11,11,,0,
11,11,,0,
11,11,,0.6,
11,11,,1,
11,11,,6.4,
11,11,,15.6,
11,11,,5.4,
11,11,,1,
11,11,,10,
11,11,,17.200001,
11,11,,0,
11,11,,0,
11,11,,0,
11,11,,0,
11,11,,0,
11,11,,0,
11,11,,0,
11,11,,0,
11,11,,0.3,
11,11,,0,
11,11,,0,
11,11,,0,
11,11,,2,
11,11,,3.8,
11,11,,0.9,
11,11,,0,
11,11,,0,
11,11,,0,
11,11,,3.8,
11,11,,0.9,
11,11,,0,
11,11,,0,
11,11,,0,
11,11,,0,
11,11,,0,
11,11,,0,
11,11,,0,
11,11,,0.1,
11,11,,0,
11,11,,0,
11,11,,0,
11,11,,0,
11,11,,0,
11,11,,0,
11,11,,0,
11,11,,0,
11,11,,0,
11,11,,0,
11,11,,0,
11,11,,0,
11,11,,0,
11,11,,0,
11,11,,0,
11,11,,0,
11,11,,0,
11,11,,0,
11,11,,0,
11,11,,0,
11,11,,0,
11,11,,0,
11,11,,0,
11,11,,0,
11,11,,0,
11,11,,0,
11,11,,0,
11,11,,0,
11,11,,0,
11,11,,0,
11,11,,0,
11,11,,0,
11,11,,0,
11,11,,0,
11,11,,0,
11,11,,0,
11,11,,0,
11,11,,0,
11,11,,0,
11,11,,0,
11,11,,0,
11,11,,0,
11,11,,0,
11,11,,0,
11,11,,0,
11,11,,0,
11,11,,0,
11,11,,0,
11,11,,0,
11,11,,0,
11,11,,0,
11,11,,0,
11,11,,0,
11,11,,0,
11,11,,0,
11,11,,0,
11,11,,0,
11,11,,0,
11,11,,0,
11,11,,0,
11,11,,0,
11,11,,0,
11,11,,0,
11,11,,0,
11,11,,0,
11,11,,0,
11,11,,0,
11,11,,0,
11,11,,0,
11,11,,0,
11,11,,0,
11,11,,0,
11,11,,0,
11,11,,0,
11,11,,0,
11,11,,0,
11,11,,0,
11,11,,0,
11,11,,0,
11,11,,0,
11,11,,0,
11,11,,0,
11,11,,0,
11,11,,0,
11,11,,0,
11,11,,0,
11,11,,0,
11,11,,0,
11,11,,0,
11,11,,0,
11,11,,0,
11,11,,0,
11,11,,0,
11,11,,0,
11,11,,0,
11,11,,0,
11,11,,0,
11,11,,0.3,
11,11,,0,
11,11,,0,
11,11,,0,
11,11,,0,
11,11,,0,
11,11,,0,
,,,,
12,12,,0,
12,12,,0,
12,12,,0,
12,12,,0.2,
12,12,,0.1,
12,12,,0.1,
12,12,,0,
12,12,,0,
12,12,,0,
12,12,,0.6,
12,12,,0.3,
12,12,,0.1,
12,12,,0,
12,12,,0,
12,12,,0,
12,12,,0,
12,12,,3.6,
12,12,,0,
12,12,,0,
12,12,,0,
12,12,,0,
12,12,,0,
12,12,,1.4,
12,12,,0.1,
12,12,,0,
12,12,,0,
12,12,,0,
12,12,,0,
12,12,,0,
12,12,,0.1,
12,12,,10.5,
12,12,,2.6,
12,12,,0,
12,12,,0,
12,12,,0,
12,12,,0,
12,12,,0,
12,12,,0,
12,12,,0,
12,12,,0,
12,12,,0,
12,12,,0.1,
12,12,,4,
12,12,,7.3,
12,12,,0,
12,12,,0,
12,12,,0,
12,12,,0,
12,12,,27.200001,
12,12,,21.9,
12,12,,19.6,
12,12,,14.1,
12,12,,6.4,
12,12,,1.6,
12,12,,11.2,
12,12,,0,
12,12,,0,
12,12,,0,
12,12,,0,
12,12,,0,
12,12,,0,
12,12,,0,
12,12,,0,
12,12,,0,
12,12,,0,
12,12,,0,
12,12,,0,
12,12,,0,
12,12,,0,
12,12,,0,
12,12,,0,
12,12,,0,
12,12,,0,
12,12,,0,
12,12,,0,
12,12,,0,
12,12,,0,
12,12,,0,
12,12,,0,
12,12,,0,
12,12,,0,
12,12,,0,
12,12,,0,
12,12,,0,
12,12,,0,
12,12,,0,
12,12,,0,
12,12,,0,
12,12,,0,
12,12,,0,
12,12,,0,
12,12,,0,
12,12,,0,
12,12,,0,
12,12,,0,
12,12,,0,
12,12,,0,
12,12,,0,
12,12,,0,
12,12,,0,
12,12,,0,
12,12,,0,
12,12,,0,
12,12,,0,
12,12,,0,
12,12,,0,
12,12,,0,
12,12,,0,
12,12,,0,
12,12,,0,
12,12,,0,
12,12,,0,
12,12,,0,
12,12,,0,
12,12,,0,
12,12,,0,
12,12,,0,
12,12,,0,
12,12,,0,
12,12,,0,
12,12,,0,
12,12,,0,
12,12,,0,
12,12,,0,
12,12,,0,
12,12,,0,
12,12,,0,
12,12,,0,
12,12,,0,
12,12,,0,
12,12,,0,
12,12,,0,
12,12,,0,
12,12,,0,
12,12,,0,
12,12,,0,
12,12,,0,
12,12,,0,
12,12,,0,
12,12,,0,
12,12,,0,
12,12,,0,
12,12,,0,
12,12,,0,
,,,,
13,13,,0,
13,13,,0,
13,13,,0,
13,13,,0,
13,13,,0,
13,13,,0,
13,13,,0,
13,13,,0,
13,13,,0,
13,13,,0,
13,13,,0,
13,13,,0,
13,13,,0,
13,13,,0,
13,13,,0,
13,13,,0,
13,13,,0,
13,13,,0,
13,13,,0,
13,13,,0,
13,13,,0,
13,13,,0,
13,13,,0,
13,13,,0,
13,13,,0,
13,13,,0,
13,13,,0,
13,13,,0,
13,13,,0,
13,13,,0,
13,13,,0,
13,13,,0,
13,13,,0,
13,13,,0.3,
13,13,,5.4,
13,13,,3.1,
13,13,,0,
13,13,,0,
13,13,,0,
13,13,,0,
13,13,,0,
13,13,,0,
13,13,,0,
13,13,,0,
13,13,,0,
13,13,,0,
13,13,,0,
13,13,,1.9,
13,13,,0,
13,13,,0,
13,13,,0,
13,13,,0,
13,13,,0,
13,13,,0,
13,13,,0,
13,13,,0,
13,13,,0,
13,13,,0.2,
13,13,,6.6,
13,13,,9.2,
13,13,,0,
13,13,,0,
13,13,,0,
13,13,,0,
13,13,,0,
13,13,,0,
13,13,,0,
13,13,,0,
13,13,,0,
13,13,,0,
13,13,,0,
13,13,,0,
13,13,,0,
13,13,,0,
13,13,,0,
13,13,,0,
13,13,,0,
13,13,,0,
13,13,,0,
13,13,,0,
13,13,,0,
13,13,,0,
13,13,,0,
13,13,,0,
13,13,,0,
13,13,,0,
13,13,,0,
13,13,,0,
13,13,,0,
13,13,,0,
13,13,,0,
13,13,,0,
13,13,,0,
13,13,,0,
13,13,,0,
13,13,,0,
13,13,,0,
13,13,,0,
13,13,,0,
13,13,,0,
13,13,,0,
13,13,,0,
13,13,,0,
13,13,,0,
13,13,,0,
13,13,,0,
13,13,,0,
13,13,,0,
13,13,,0,
13,13,,0,
13,13,,0,
13,13,,0,
13,13,,0,
13,13,,0,
13,13,,0,
13,13,,0,
13,13,,0,
13,13,,0,
13,13,,0,
13,13,,0,
13,13,,0,
13,13,,0,
13,13,,0,
13,13,,0,
13,13,,0,
13,13,,0,
13,13,,0,
13,13,,0,
13,13,,0,
13,13,,0,
13,13,,0,
13,13,,0,
13,13,,0,
13,13,,0,
13,13,,0,
13,13,,0,
13,13,,0,
13,13,,0,
13,13,,0,
13,13,,0,
13,13,,0,
13,13,,0,
13,13,,0,
13,13,,0,
,,,,
14,14,,0,
14,14,,0,
14,14,,0,
14,14,,0,
14,14,,0,
14,14,,0,
14,14,,0,
14,14,,0,
14,14,,0,
14,14,,0,
14,14,,0,
14,14,,0,
14,14,,0,
14,14,,0,
14,14,,0,
14,14,,0,
14,14,,0,
14,14,,0,
14,14,,0,
14,14,,0,
14,14,,0,
14,14,,0,
14,14,,0,
14,14,,0,
14,14,,0,
14,14,,0,
14,14,,0,
14,14,,0,
14,14,,0,
14,14,,0,
14,14,,0,
14,14,,0,
14,14,,0,
14,14,,0,
14,14,,0,
14,14,,0,
14,14,,0,
14,14,,0,
14,14,,0,
14,14,,0,
14,14,,0.1,
14,14,,0.3,
14,14,,0,
14,14,,0,
14,14,,0,
14,14,,0,
14,14,,0,
14,14,,0,
14,14,,0,
14,14,,0,
14,14,,0,
14,14,,0,
14,14,,0,
14,14,,0,
14,14,,0,
14,14,,0,
14,14,,0,
14,14,,0,
14,14,,0,
14,14,,0,
14,14,,0,
14,14,,0,
14,14,,0,
14,14,,0,
14,14,,0,
14,14,,0,
14,14,,0,
14,14,,0,
14,14,,0,
14,14,,0,
14,14,,0,
14,14,,0,
14,14,,0,
14,14,,0,
14,14,,0,
14,14,,0,
14,14,,0,
14,14,,0,
14,14,,0,
14,14,,0,
14,14,,0,
14,14,,0,
14,14,,0,
14,14,,0,
14,14,,0,
14,14,,0,
14,14,,0,
14,14,,0,
14,14,,0,
14,14,,0,
14,14,,0,
14,14,,0,
14,14,,0,
14,14,,0,
14,14,,0,
14,14,,0,
14,14,,0,
14,14,,0,
14,14,,0,
14,14,,0,
14,14,,0,
14,14,,0,
14,14,,0,
14,14,,0,
14,14,,0,
14,14,,0,
14,14,,0,
14,14,,0,
14,14,,0,
14,14,,0,
14,14,,0,
14,14,,0,
14,14,,0,
14,14,,0,
14,14,,0,
14,14,,0,
14,14,,0,
14,14,,0,
14,14,,0,
14,14,,0,
14,14,,0,
14,14,,0,
14,14,,0,
14,14,,0,
14,14,,0,
14,14,,0,
14,14,,0,
14,14,,0,
14,14,,0,
14,14,,0,
14,14,,0,
14,14,,0,
14,14,,0,
14,14,,0,
14,14,,0,
14,14,,0,
14,14,,0,
14,14,,0,
14,14,,0,
14,14,,0,
14,14,,0,
14,14,,0,
14,14,,0,
14,14,,0,
,,,,
15,15,,0,
15,15,,0,
15,15,,0,
15,15,,0,
15,15,,0,
15,15,,0,
15,15,,0,
15,15,,0,
15,15,,0,
15,15,,0,
15,15,,0,
15,15,,0,
15,15,,0,
15,15,,0,
15,15,,0,
15,15,,0,
15,15,,0,
15,15,,0,
15,15,,0,
15,15,,0,
15,15,,0,
15,15,,0,
15,15,,0,
15,15,,0,
15,15,,0,
15,15,,0,
15,15,,0,
15,15,,0,
15,15,,0,
15,15,,0,
15,15,,0,
15,15,,0,
15,15,,0,
15,15,,0,
15,15,,0,
15,15,,0,
15,15,,0,
15,15,,0,
15,15,,0,
15,15,,0,
15,15,,0,
15,15,,0,
15,15,,0,
15,15,,0,
15,15,,0,
15,15,,0,
15,15,,0,
15,15,,0,
15,15,,0,
15,15,,0,
15,15,,0,
15,15,,0,
15,15,,0,
15,15,,0,
15,15,,0,
15,15,,0,
15,15,,0,
15,15,,0.1,
15,15,,2,
15,15,,0.1,
15,15,,0,
15,15,,0,
15,15,,0,
15,15,,0,
15,15,,0,
15,15,,0,
15,15,,0,
15,15,,0,
15,15,,0,
15,15,,0,
15,15,,0,
15,15,,0,
15,15,,0,
15,15,,0,
15,15,,0,
15,15,,0,
15,15,,0,
15,15,,0,
15,15,,0,
15,15,,0,
15,15,,0,
15,15,,0,
15,15,,0,
15,15,,0,
15,15,,0,
15,15,,0,
15,15,,0,
15,15,,0,
15,15,,0,
15,15,,0,
15,15,,0,
15,15,,0,
15,15,,0,
15,15,,0,
15,15,,0,
15,15,,0,
15,15,,0,
15,15,,0,
15,15,,0,
15,15,,0,
15,15,,0,
15,15,,0,
15,15,,0,
15,15,,0,
15,15,,0,
15,15,,0,
15,15,,0,
15,15,,0,
15,15,,0,
15,15,,0,
15,15,,0,
15,15,,0,
15,15,,0,
15,15,,0,
15,15,,0,
15,15,,0,
15,15,,0,
15,15,,0,
15,15,,0,
15,15,,0,
15,15,,0,
15,15,,0,
15,15,,0,
15,15,,0,
15,15,,0,
15,15,,0,
15,15,,0,
15,15,,0,
15,15,,0,
15,15,,0,
15,15,,0,
15,15,,0,
15,15,,0,
15,15,,0,
15,15,,0,
15,15,,0,
15,15,,0,
15,15,,0,
15,15,,0,
15,15,,0,
15,15,,0,
15,15,,0,
15,15,,0,
15,15,,0,
,,,,
16,16,,0,
16,16,,0,
16,16,,0,
16,16,,0,
16,16,,0,
16,16,,0,
16,16,,0,
16,16,,0,
16,16,,0,
16,16,,0,
16,16,,0,
16,16,,0,
16,16,,0,
16,16,,0,
16,16,,0,
16,16,,0,
16,16,,0,
16,16,,0,
16,16,,0,
16,16,,0,
16,16,,0,
16,16,,0,
16,16,,0,
16,16,,0,
16,16,,0,
16,16,,0,
16,16,,0,
16,16,,0,
16,16,,0,
16,16,,0,
16,16,,0,
16,16,,0,
16,16,,0,
16,16,,0,
16,16,,0,
16,16,,0,
16,16,,0,
16,16,,0,
16,16,,0,
16,16,,0,
16,16,,0,
16,16,,0,
16,16,,0,
16,16,,0,
16,16,,0,
16,16,,0,
16,16,,0,
16,16,,0,
16,16,,0,
16,16,,0,
16,16,,0,
16,16,,0,
16,16,,0,
16,16,,0,
16,16,,0,
16,16,,0,
16,16,,0,
16,16,,0,
16,16,,0,
16,16,,0,
16,16,,14.9,
16,16,,0,
16,16,,0,
16,16,,0,
16,16,,0,
16,16,,0,
16,16,,0,
16,16,,0,
16,16,,0,
16,16,,0,
16,16,,0,
16,16,,0,
16,16,,0,
16,16,,0,
16,16,,0,
16,16,,0,
16,16,,0,
16,16,,0,
16,16,,0,
16,16,,0,
16,16,,0,
16,16,,0,
16,16,,0,
16,16,,0,
16,16,,0,
16,16,,0,
16,16,,0,
16,16,,0,
16,16,,0,
16,16,,0,
16,16,,0,
16,16,,0,
16,16,,0,
16,16,,0,
16,16,,0,
16,16,,0,
16,16,,0,
16,16,,0,
16,16,,0,
16,16,,0,
16,16,,0,
16,16,,0,
16,16,,0,
16,16,,0,
16,16,,0,
16,16,,0,
16,16,,0,
16,16,,0,
16,16,,0,
16,16,,0,
16,16,,0,
16,16,,0,
16,16,,0,
16,16,,0,
16,16,,0,
16,16,,0,
16,16,,0,
16,16,,0,
16,16,,0,
16,16,,0,
16,16,,0,
16,16,,0,
16,16,,0,
16,16,,0,
16,16,,0,
16,16,,0,
16,16,,0,
16,16,,0,
16,16,,0,
16,16,,0,
16,16,,0,
16,16,,0,
16,16,,0,
16,16,,0,
16,16,,0,
16,16,,0,
16,16,,0,
16,16,,0,
16,16,,0,
16,16,,0,
16,16,,0,
16,16,,0,
16,16,,0,
16,16,,0,
,,,,
17,17,,0,
17,17,,0,
17,17,,0,
17,17,,0,
17,17,,0,
17,17,,0,
17,17,,0,
17,17,,0,
17,17,,0,
17,17,,0,
17,17,,0,
17,17,,0,
17,17,,0,
17,17,,0,
17,17,,0,
17,17,,0,
17,17,,0.8,
17,17,,4.3,
17,17,,0,
17,17,,0,
17,17,,0,
17,17,,0,
17,17,,6.7,
17,17,,4.8,
17,17,,0,
17,17,,0,
17,17,,0,
17,17,,0,
17,17,,0,
17,17,,0,
17,17,,0,
17,17,,0,
17,17,,0.2,
17,17,,1.5,
17,17,,1.1,
17,17,,0,
17,17,,0,
17,17,,0,
17,17,,0,
17,17,,0,
17,17,,0,
17,17,,0,
17,17,,2.8,
17,17,,1.9,
17,17,,0,
17,17,,0,
17,17,,0,
17,17,,0,
17,17,,25.4,
17,17,,10.1,
17,17,,4.9,
17,17,,1.6,
17,17,,0.2,
17,17,,0,
17,17,,5.5,
17,17,,4.4,
17,17,,2.1,
17,17,,0.7,
17,17,,0.3,
17,17,,0.4,
17,17,,9,
17,17,,9.1,
17,17,,7.2,
17,17,,4.6,
17,17,,3.2,
17,17,,3.7,
17,17,,8.2,
17,17,,7.2,
17,17,,5.9,
17,17,,2.7,
17,17,,0.7,
17,17,,0.1,
17,17,,2.7,
17,17,,0.6,
17,17,,0.2,
17,17,,0,
17,17,,0,
17,17,,0,
17,17,,0.3,
17,17,,0,
17,17,,0,
17,17,,0,
17,17,,0,
17,17,,0,
17,17,,0,
17,17,,0,
17,17,,0,
17,17,,0,
17,17,,0,
17,17,,0,
17,17,,0,
17,17,,0,
17,17,,0,
17,17,,0,
17,17,,0,
17,17,,0,
17,17,,0,
17,17,,0,
17,17,,0,
17,17,,0,
17,17,,0,
17,17,,0,
17,17,,0,
17,17,,0,
17,17,,0,
17,17,,0,
17,17,,0,
17,17,,0,
17,17,,0,
17,17,,0,
17,17,,0,
17,17,,0.1,
17,17,,0.1,
17,17,,0,
17,17,,0,
17,17,,0,
17,17,,0.6,
17,17,,5.2,
17,17,,0.8,
17,17,,0,
17,17,,0,
17,17,,0,
17,17,,11.7,
17,17,,7.8,
17,17,,0.8,
17,17,,0.2,
17,17,,0.5,
17,17,,5.2,
17,17,,11.2,
17,17,,2.7,
17,17,,0.3,
17,17,,0,
17,17,,9.1,
17,17,,11.6,
17,17,,3.6,
17,17,,1.3,
17,17,,0.2,
17,17,,0,
17,17,,9.7,
17,17,,2.5,
17,17,,0.5,
17,17,,0.3,
17,17,,0,
17,17,,0,
,,,,
18,18,,2.6,
18,18,,1.5,
18,18,,0,
18,18,,0.1,
18,18,,0,
18,18,,0,
18,18,,1.3,
18,18,,0,
18,18,,0,
18,18,,0,
18,18,,0,
18,18,,0,
18,18,,0.2,
18,18,,1.3,
18,18,,0,
18,18,,0,
18,18,,0,
18,18,,0,
18,18,,0.2,
18,18,,0,
18,18,,0,
18,18,,0,
18,18,,0,
18,18,,0,
18,18,,0,
18,18,,0,
18,18,,0,
18,18,,0,
18,18,,0,
18,18,,0,
18,18,,0,
18,18,,0,
18,18,,0,
18,18,,0.2,
18,18,,2.8,
18,18,,0,
18,18,,0,
18,18,,0,
18,18,,0,
18,18,,1.9,
18,18,,0.3,
18,18,,0,
18,18,,0,
18,18,,0,
18,18,,0.9,
18,18,,0.2,
18,18,,0,
18,18,,0,
18,18,,0,
18,18,,0,
18,18,,0,
18,18,,0,
18,18,,0,
18,18,,0,
18,18,,0,
18,18,,0,
18,18,,0,
18,18,,0,
18,18,,0,
18,18,,0,
18,18,,0,
18,18,,0,
18,18,,0,
18,18,,0,
18,18,,0,
18,18,,0,
18,18,,0,
18,18,,0,
18,18,,0,
18,18,,0,
18,18,,0,
18,18,,0,
18,18,,0,
18,18,,0,
18,18,,0,
18,18,,0,
18,18,,0,
18,18,,0,
18,18,,0,
18,18,,0,
18,18,,0,
18,18,,0,
18,18,,0,
18,18,,0,
18,18,,0,
18,18,,0,
18,18,,0,
18,18,,0,
18,18,,0,
18,18,,0,
18,18,,0,
18,18,,0,
18,18,,0,
18,18,,0,
18,18,,0,
18,18,,0,
18,18,,0,
18,18,,0,
18,18,,0,
18,18,,0,
18,18,,0,
18,18,,0,
18,18,,0,
18,18,,0,
18,18,,0,
18,18,,0,
18,18,,0,
18,18,,0,
18,18,,0,
18,18,,0,
18,18,,0,
18,18,,0,
18,18,,0,
18,18,,0,
18,18,,0,
18,18,,0,
18,18,,0,
18,18,,0,
18,18,,0,
18,18,,0,
18,18,,0,
18,18,,0,
18,18,,0,
18,18,,0,
18,18,,0,
18,18,,0,
18,18,,0,
18,18,,0,
18,18,,0,
18,18,,0,
18,18,,0,
18,18,,0,
18,18,,0,
18,18,,0,
18,18,,0,
18,18,,0,
18,18,,0,
18,18,,0,
18,18,,0,
18,18,,0,
18,18,,0,
18,18,,0,
18,18,,0,
18,18,,0,
,,,,
19,19,,0,
19,19,,0,
19,19,,0,
19,19,,0.1,
19,19,,0,
19,19,,0,
19,19,,0,
19,19,,0,
19,19,,0,
19,19,,0,
19,19,,0,
19,19,,0,
19,19,,0,
19,19,,0,
19,19,,0,
19,19,,0,
19,19,,0,
19,19,,0,
19,19,,0,
19,19,,0,
19,19,,0,
19,19,,0,
19,19,,0,
19,19,,0,
19,19,,0,
19,19,,0,
19,19,,0,
19,19,,0,
19,19,,0,
19,19,,0,
19,19,,0,
19,19,,0,
19,19,,0,
19,19,,0,
19,19,,0,
19,19,,0,
19,19,,0,
19,19,,0,
19,19,,0,
19,19,,0,
19,19,,0,
19,19,,0,
19,19,,0,
19,19,,0,
19,19,,0,
19,19,,0,
19,19,,0,
19,19,,0.8,
19,19,,0,
19,19,,0,
19,19,,0,
19,19,,0,
19,19,,0.9,
19,19,,1.7,
19,19,,0,
19,19,,0,
19,19,,0,
19,19,,0,
19,19,,0,
19,19,,0,
19,19,,0,
19,19,,0,
19,19,,0,
19,19,,0,
19,19,,0,
19,19,,0,
19,19,,0,
19,19,,0,
19,19,,0,
19,19,,0,
19,19,,0,
19,19,,0,
19,19,,0,
19,19,,0,
19,19,,0,
19,19,,0,
19,19,,0,
19,19,,0,
19,19,,0,
19,19,,0,
19,19,,0,
19,19,,0,
19,19,,0,
19,19,,0,
19,19,,0,
19,19,,0,
19,19,,0,
19,19,,0,
19,19,,0,
19,19,,0,
19,19,,0,
19,19,,0,
19,19,,0.6,
19,19,,0.2,
19,19,,0,
19,19,,0,
19,19,,0,
19,19,,0,
19,19,,0.1,
19,19,,4.7,
19,19,,4.5,
19,19,,1.1,
19,19,,0,
19,19,,2.6,
19,19,,1.1,
19,19,,0.8,
19,19,,0,
19,19,,0.1,
19,19,,0,
19,19,,0,
19,19,,0,
19,19,,0,
19,19,,0,
19,19,,0,
19,19,,0,
19,19,,0,
19,19,,0,
19,19,,0,
19,19,,0,
19,19,,0,
19,19,,0,
19,19,,0,
19,19,,0,
19,19,,0,
19,19,,0,
19,19,,0,
19,19,,0,
19,19,,0,
19,19,,0,
19,19,,0,
19,19,,0,
19,19,,0,
19,19,,0,
19,19,,0,
19,19,,0,
19,19,,0,
19,19,,0,
19,19,,0,
19,19,,0,
19,19,,0,
19,19,,0,
19,19,,0,
19,19,,0,
19,19,,5.6,
,,,,
20,20,,0,
20,20,,0,
20,20,,0,
20,20,,0,
20,20,,3.9,
20,20,,0.1,
20,20,,0,
20,20,,0,
20,20,,0,
20,20,,0,
20,20,,0,
20,20,,0.3,
20,20,,0,
20,20,,0,
20,20,,0,
20,20,,0,
20,20,,0.3,
20,20,,0,
20,20,,0,
20,20,,0,
20,20,,0,
20,20,,0,
20,20,,0,
20,20,,0,
20,20,,0,
20,20,,0,
20,20,,0,
20,20,,0,
20,20,,0,
20,20,,0,
20,20,,0,
20,20,,0,
20,20,,0,
20,20,,0.8,
20,20,,3.2,
20,20,,0.6,
20,20,,0,
20,20,,0,
20,20,,0,
20,20,,0,
20,20,,0,
20,20,,11.3,
20,20,,0,
20,20,,0,
20,20,,0,
20,20,,0,
20,20,,0.2,
20,20,,1.6,
20,20,,0,
20,20,,0,
20,20,,0,
20,20,,0,
20,20,,0.6,
20,20,,0.2,
20,20,,0,
20,20,,0,
20,20,,0,
20,20,,0,
20,20,,0,
20,20,,2.8,
20,20,,0,
20,20,,0,
20,20,,0,
20,20,,0,
20,20,,0,
20,20,,0,
20,20,,0,
20,20,,0,
20,20,,0,
20,20,,0,
20,20,,0,
20,20,,0,
20,20,,0,
20,20,,2.8,
20,20,,2.3,
20,20,,0,
20,20,,0,
20,20,,0,
20,20,,0.2,
20,20,,0.1,
20,20,,0,
20,20,,0,
20,20,,0,
20,20,,0,
20,20,,0.2,
20,20,,0,
20,20,,0,
20,20,,0,
20,20,,0,
20,20,,0,
20,20,,0,
20,20,,0,
20,20,,0,
20,20,,0,
20,20,,0,
20,20,,0,
20,20,,0,
20,20,,0,
20,20,,0,
20,20,,0,
20,20,,0.1,
20,20,,0,
20,20,,0,
20,20,,0,
20,20,,0,
20,20,,0,
20,20,,0,
20,20,,0,
20,20,,0,
20,20,,0,
20,20,,0,
20,20,,0.2,
20,20,,0.1,
20,20,,0.2,
20,20,,0,
20,20,,0.1,
20,20,,0.4,
20,20,,0.7,
20,20,,3.8,
20,20,,0.6,
20,20,,0,
20,20,,0.5,
20,20,,2.8,
20,20,,5.4,
20,20,,9.8,
20,20,,6.6,
20,20,,0.3,
20,20,,1.4,
20,20,,1.6,
20,20,,2.6,
20,20,,5.8,
20,20,,5.7,
20,20,,0.9,
20,20,,1.7,
20,20,,3.6,
20,20,,6,
20,20,,9.1,
20,20,,10,
20,20,,1.7,
20,20,,6.4,
20,20,,12,
20,20,,18.200001,
20,20,,21.299999,
20,20,,11.6,
,,,,
21,21,,8.6,
21,21,,9.9,
21,21,,14,
21,21,,16.1,
21,21,,3.7,
21,21,,29.299999,
21,21,,11.9,
21,21,,11.8,
21,21,,4.6,
21,21,,0.4,
21,21,,0.1,
21,21,,0.1,
21,21,,18.9,
21,21,,6.8,
21,21,,1.4,
21,21,,0,
21,21,,0,
21,21,,0.5,
21,21,,16.9,
21,21,,7.8,
21,21,,0,
21,21,,0.1,
21,21,,0.4,
21,21,,0,
21,21,,7.7,
21,21,,0,
21,21,,0,
21,21,,0,
21,21,,0,
21,21,,0,
21,21,,0,
21,21,,0,
21,21,,0,
21,21,,0.1,
21,21,,0,
21,21,,0,
21,21,,0,
21,21,,0,
21,21,,0,
21,21,,0,
21,21,,0,
21,21,,0,
21,21,,0.2,
21,21,,0.4,
21,21,,0,
21,21,,0,
21,21,,0,
21,21,,0,
21,21,,0.4,
21,21,,0.7,
21,21,,0,
21,21,,0,
21,21,,0,
21,21,,0,
21,21,,0.6,
21,21,,0,
21,21,,0,
21,21,,0,
21,21,,0,
21,21,,0,
21,21,,0,
21,21,,0,
21,21,,0,
21,21,,0,
21,21,,0,
21,21,,0,
21,21,,0.2,
21,21,,0,
21,21,,0,
21,21,,0,
21,21,,0,
21,21,,0,
21,21,,0,
21,21,,0,
21,21,,0,
21,21,,0,
21,21,,0,
21,21,,0,
21,21,,0,
21,21,,0,
21,21,,0,
21,21,,0,
21,21,,0,
21,21,,0,
21,21,,0,
21,21,,0,
21,21,,0,
21,21,,0,
21,21,,0,
21,21,,0,
21,21,,0.1,
21,21,,0,
21,21,,0,
21,21,,0,
21,21,,0,
21,21,,0,
21,21,,0,
21,21,,0,
21,21,,0,
21,21,,0,
21,21,,0,
21,21,,0,
21,21,,0,
21,21,,0,
21,21,,0,
21,21,,0,
21,21,,0,
21,21,,0,
21,21,,0,
21,21,,0,
21,21,,0,
21,21,,0,
21,21,,0,
21,21,,0,
21,21,,0,
21,21,,4.6,
21,21,,0,
21,21,,0,
21,21,,0,
21,21,,0,
21,21,,1,
21,21,,0.5,
21,21,,0,
21,21,,0,
21,21,,0,
21,21,,0,
21,21,,0.2,
21,21,,0,
21,21,,0,
21,21,,0,
21,21,,0,
21,21,,0,
21,21,,0,
21,21,,0,
21,21,,0,
21,21,,0,
21,21,,0,
21,21,,0,
21,21,,0,
21,21,,0,
21,21,,0.1,
21,21,,0.1,
21,21,,0,
21,21,,0,
,,,,
22,22,,0,
22,22,,0,
22,22,,0,
22,22,,0.2,
22,22,,0,
22,22,,0,
22,22,,0,
22,22,,0,
22,22,,0,
22,22,,0,
22,22,,0,
22,22,,0,
22,22,,0,
22,22,,0,
22,22,,0,
22,22,,0,
22,22,,0,
22,22,,0,
22,22,,0,
22,22,,0,
22,22,,0,
22,22,,0,
22,22,,0,
22,22,,0,
22,22,,0,
22,22,,0,
22,22,,0,
22,22,,0,
22,22,,0,
22,22,,0,
22,22,,0,
22,22,,0,
22,22,,0,
22,22,,0,
22,22,,0,
22,22,,0,
22,22,,0,
22,22,,0,
22,22,,0,
22,22,,0,
22,22,,0,
22,22,,0,
22,22,,0,
22,22,,0,
22,22,,0,
22,22,,0,
22,22,,0,
22,22,,0,
22,22,,0,
22,22,,0,
22,22,,0,
22,22,,0,
22,22,,0,
22,22,,0,
22,22,,0,
22,22,,0,
22,22,,0,
22,22,,0,
22,22,,0,
22,22,,0,
22,22,,0,
22,22,,0,
22,22,,0,
22,22,,0,
22,22,,0,
22,22,,0,
22,22,,0,
22,22,,0,
22,22,,0,
22,22,,0,
22,22,,0,
22,22,,0,
22,22,,0,
22,22,,0,
22,22,,0,
22,22,,0,
22,22,,0,
22,22,,0,
22,22,,0,
22,22,,0,
22,22,,0,
22,22,,0,
22,22,,0,
22,22,,0,
22,22,,0,
22,22,,0,
22,22,,0,
22,22,,0,
22,22,,0,
22,22,,0,
22,22,,0,
22,22,,0,
22,22,,0,
22,22,,0,
22,22,,0,
22,22,,0,
22,22,,0,
22,22,,0,
22,22,,0,
22,22,,0,
22,22,,0,
22,22,,0,
22,22,,0,
22,22,,0,
22,22,,0,
22,22,,0,
22,22,,0,
22,22,,0,
22,22,,0,
22,22,,0,
22,22,,0,
22,22,,0,
22,22,,0,
22,22,,0,
22,22,,0,
22,22,,0,
22,22,,0.1,
22,22,,0.3,
22,22,,0,
22,22,,0,
22,22,,0,
22,22,,0,
22,22,,0,
22,22,,0,
22,22,,0,
22,22,,0,
22,22,,0,
22,22,,0,
22,22,,0,
22,22,,0,
22,22,,0,
22,22,,0,
22,22,,0,
22,22,,0,
22,22,,0,
22,22,,0,
22,22,,0,
22,22,,0.4,
22,22,,0,
22,22,,0,
22,22,,0,
22,22,,0,
22,22,,0,
22,22,,0.4,
,,,,
23,23,,0,
23,23,,0,
23,23,,0,
23,23,,2.8,
23,23,,1.2,
23,23,,2.9,
23,23,,0,
23,23,,0.2,
23,23,,1.1,
23,23,,3.1,
23,23,,6.2,
23,23,,9.4,
23,23,,0.5,
23,23,,0.5,
23,23,,1.4,
23,23,,2.5,
23,23,,4.2,
23,23,,3.9,
23,23,,1.8,
23,23,,1.9,
23,23,,2.6,
23,23,,3.5,
23,23,,2.8,
23,23,,8.1,
23,23,,1.5,
23,23,,1.6,
23,23,,1.3,
23,23,,1.1,
23,23,,8.3,
23,23,,5.7,
23,23,,1.5,
23,23,,1.9,
23,23,,2.3,
23,23,,9.6,
23,23,,4.2,
23,23,,8.6,
23,23,,1,
23,23,,0.7,
23,23,,1,
23,23,,5.1,
23,23,,4.5,
23,23,,2.8,
23,23,,0.9,
23,23,,1.2,
23,23,,7.2,
23,23,,12.3,
23,23,,8.3,
23,23,,2.4,
23,23,,0.8,
23,23,,7.6,
23,23,,14.9,
23,23,,6.3,
23,23,,6.1,
23,23,,9,
23,23,,4.3,
23,23,,5.6,
23,23,,3.5,
23,23,,3.8,
23,23,,4.9,
23,23,,0.8,
23,23,,3.5,
23,23,,1.9,
23,23,,0.9,
23,23,,5.7,
23,23,,7.2,
23,23,,4.6,
23,23,,0.7,
23,23,,0.2,
23,23,,0.1,
23,23,,0.2,
23,23,,0.5,
23,23,,0.3,
23,23,,0.2,
23,23,,0,
23,23,,0,
23,23,,0,
23,23,,0.2,
23,23,,1.4,
23,23,,0.3,
23,23,,0.1,
23,23,,0,
23,23,,0.6,
23,23,,1.6,
23,23,,2,
23,23,,0,
23,23,,0,
23,23,,0,
23,23,,2.4,
23,23,,0.8,
23,23,,5.5,
23,23,,0,
23,23,,0,
23,23,,0.4,
23,23,,0.6,
23,23,,3.3,
23,23,,8,
23,23,,0,
23,23,,0.4,
23,23,,0.9,
23,23,,0.2,
23,23,,0.5,
23,23,,5.2,
23,23,,0.3,
23,23,,2.5,
23,23,,0.8,
23,23,,1.2,
23,23,,1.7,
23,23,,4.7,
23,23,,1.9,
23,23,,1.2,
23,23,,0.1,
23,23,,0.2,
23,23,,1.4,
23,23,,0.9,
23,23,,0.3,
23,23,,0,
23,23,,1.3,
23,23,,1.2,
23,23,,2.4,
23,23,,0,
23,23,,0,
23,23,,0.9,
23,23,,0.8,
23,23,,0.3,
23,23,,0,
23,23,,0.2,
23,23,,0.5,
23,23,,0.1,
23,23,,0,
23,23,,0,
23,23,,0,
23,23,,0,
23,23,,0.2,
23,23,,0,
23,23,,0,
23,23,,0,
23,23,,0,
23,23,,0,
23,23,,0.4,
23,23,,0.7,
23,23,,0,
23,23,,0,
23,23,,1.2,
23,23,,0.1,
,,,,
24,24,,1.6,
24,24,,0,
24,24,,0.2,
24,24,,0,
24,24,,0,
24,24,,0.1,
24,24,,0,
24,24,,2.1,
24,24,,0.4,
24,24,,0.7,
24,24,,0,
24,24,,0,
24,24,,1.1,
24,24,,1.6,
24,24,,0.2,
24,24,,0,
24,24,,0,
24,24,,0,
24,24,,1.3,
24,24,,0.4,
24,24,,0,
24,24,,0,
24,24,,0,
24,24,,0,
24,24,,0.4,
24,24,,0,
24,24,,0,
24,24,,0,
24,24,,0,
24,24,,0,
24,24,,0,
24,24,,2.4,
24,24,,0.6,
24,24,,0,
24,24,,0,
24,24,,0,
24,24,,2.9,
24,24,,1,
24,24,,0,
24,24,,0,
24,24,,0,
24,24,,0,
24,24,,3.9,
24,24,,0,
24,24,,0,
24,24,,0,
24,24,,0,
24,24,,0,
24,24,,0,
24,24,,0,
24,24,,0,
24,24,,0,
24,24,,0,
24,24,,0.1,
24,24,,0.4,
24,24,,0,
24,24,,0,
24,24,,0,
24,24,,0,
24,24,,0,
24,24,,0.1,
24,24,,0,
24,24,,0,
24,24,,0,
24,24,,0,
24,24,,0,
24,24,,0,
24,24,,0,
24,24,,0,
24,24,,0,
24,24,,0,
24,24,,0,
24,24,,0,
24,24,,0,
24,24,,0,
24,24,,0,
24,24,,0,
24,24,,0,
24,24,,0,
24,24,,0,
24,24,,0,
24,24,,0,
24,24,,0,
24,24,,0,
24,24,,0,
24,24,,0,
24,24,,0,
24,24,,0,
24,24,,0,
24,24,,0,
24,24,,1.1,
24,24,,0.1,
24,24,,0,
24,24,,0,
24,24,,0.2,
24,24,,0.1,
24,24,,0.2,
24,24,,1,
24,24,,0.3,
24,24,,0,
24,24,,0,
24,24,,0.5,
24,24,,2.5,
24,24,,0,
24,24,,0,
24,24,,0,
24,24,,0,
24,24,,4.4,
24,24,,0,
24,24,,0,
24,24,,0.1,
24,24,,0,
24,24,,0,
24,24,,0,
24,24,,0,
24,24,,0.1,
24,24,,0.7,
24,24,,0,
24,24,,0.2,
24,24,,1.4,
24,24,,0,
24,24,,0,
24,24,,0,
24,24,,0,
24,24,,0,
24,24,,1,
24,24,,0,
24,24,,0,
24,24,,0.3,
24,24,,0,
24,24,,0,
24,24,,0.3,
24,24,,0.1,
24,24,,0,
24,24,,0,
24,24,,0.1,
24,24,,4.1,
24,24,,0.9,
24,24,,0,
24,24,,0,
24,24,,0,
24,24,,0,
24,24,,0.9,
24,24,,0.3,
,,,,
25,25,,0,
25,25,,0.1,
25,25,,0.3,
25,25,,0.2,
25,25,,0,
25,25,,0,
25,25,,0,
25,25,,0,
25,25,,0,
25,25,,0,
25,25,,0,
25,25,,0,
25,25,,0.2,
25,25,,1.3,
25,25,,1.9,
25,25,,0,
25,25,,0,
25,25,,0,
25,25,,0.6,
25,25,,0.1,
25,25,,0,
25,25,,0,
25,25,,0,
25,25,,0,
25,25,,0,
25,25,,0,
25,25,,0,
25,25,,0,
25,25,,0,
25,25,,0,
25,25,,0,
25,25,,0,
25,25,,0,
25,25,,0,
25,25,,0,
25,25,,0,
25,25,,0,
25,25,,0,
25,25,,0,
25,25,,0,
25,25,,0,
25,25,,0,
25,25,,0,
25,25,,0,
25,25,,0,
25,25,,0,
25,25,,0,
25,25,,0,
25,25,,0,
25,25,,0,
25,25,,0,
25,25,,0,
25,25,,0,
25,25,,0,
25,25,,0,
25,25,,0,
25,25,,0,
25,25,,0,
25,25,,0,
25,25,,0,
25,25,,0,
25,25,,0,
25,25,,0,
25,25,,0,
25,25,,0,
25,25,,0,
25,25,,0,
25,25,,0,
25,25,,0,
25,25,,0,
25,25,,0,
25,25,,0,
25,25,,0,
25,25,,0,
25,25,,0,
25,25,,0,
25,25,,0,
25,25,,0,
25,25,,0,
25,25,,0,
25,25,,0,
25,25,,0,
25,25,,0,
25,25,,0,
25,25,,0,
25,25,,0,
25,25,,0,
25,25,,0,
25,25,,0,
25,25,,0,
25,25,,0,
25,25,,0,
25,25,,0,
25,25,,0,
25,25,,0,
25,25,,0,
25,25,,0,
25,25,,0,
25,25,,0,
25,25,,0,
25,25,,0,
25,25,,0,
25,25,,0,
25,25,,0,
25,25,,0,
25,25,,0,
25,25,,0,
25,25,,0,
25,25,,0,
25,25,,0,
25,25,,0,
25,25,,0,
25,25,,0,
25,25,,0,
25,25,,0,
25,25,,0,
25,25,,0,
25,25,,0,
25,25,,0,
25,25,,0,
25,25,,0,
25,25,,0,
25,25,,0,
25,25,,0,
25,25,,0,
25,25,,0,
25,25,,0,
25,25,,0,
25,25,,0,
25,25,,0,
25,25,,0,
25,25,,0,
25,25,,0,
25,25,,0,
25,25,,0,
25,25,,0,
25,25,,0,
25,25,,0,
25,25,,0,
25,25,,0,
25,25,,0,
25,25,,0,
25,25,,0,
25,25,,0,
,,,,
26,26,,0,
26,26,,0,
26,26,,0,
26,26,,0,
26,26,,0,
26,26,,0,
26,26,,0,
26,26,,0,
26,26,,0,
26,26,,0,
26,26,,0,
26,26,,0,
26,26,,0,
26,26,,0,
26,26,,0,
26,26,,0,
26,26,,0,
26,26,,0,
26,26,,0,
26,26,,0,
26,26,,0,
26,26,,0,
26,26,,0,
26,26,,0,
26,26,,0,
26,26,,0,
26,26,,0.2,
26,26,,0,
26,26,,0,
26,26,,0,
26,26,,0,
26,26,,0,
26,26,,0,
26,26,,0,
26,26,,0,
26,26,,0.1,
26,26,,0,
26,26,,0,
26,26,,0,
26,26,,0,
26,26,,0,
26,26,,0,
26,26,,0,
26,26,,0,
26,26,,0,
26,26,,0,
26,26,,0,
26,26,,0,
26,26,,0,
26,26,,0,
26,26,,0,
26,26,,0,
26,26,,0,
26,26,,0,
26,26,,0.1,
26,26,,0.5,
26,26,,0.7,
26,26,,1.6,
26,26,,0.3,
26,26,,0.1,
26,26,,0.3,
26,26,,0,
26,26,,0.4,
26,26,,0.1,
26,26,,4.2,
26,26,,0.4,
26,26,,0,
26,26,,0,
26,26,,0.1,
26,26,,0,
26,26,,0,
26,26,,0,
26,26,,0,
26,26,,0,
26,26,,0,
26,26,,0,
26,26,,0,
26,26,,0,
26,26,,0,
26,26,,0,
26,26,,0,
26,26,,0,
26,26,,0,
26,26,,0,
26,26,,0,
26,26,,0,
26,26,,0,
26,26,,0,
26,26,,0,
26,26,,0,
26,26,,0,
26,26,,0,
26,26,,0,
26,26,,0,
26,26,,0,
26,26,,0,
26,26,,0,
26,26,,0,
26,26,,0,
26,26,,0,
26,26,,0.2,
26,26,,0,
26,26,,0,
26,26,,0,
26,26,,0,
26,26,,0,
26,26,,0.1,
26,26,,0,
26,26,,0,
26,26,,0,
26,26,,0.4,
26,26,,0,
26,26,,0,
26,26,,0,
26,26,,0,
26,26,,0,
26,26,,0.3,
26,26,,0.2,
26,26,,0.3,
26,26,,0.5,
26,26,,0.1,
26,26,,0.3,
26,26,,0.7,
26,26,,0.7,
26,26,,1.4,
26,26,,1.5,
26,26,,0.3,
26,26,,0.7,
26,26,,1.6,
26,26,,1,
26,26,,1,
26,26,,2.7,
26,26,,1.5,
26,26,,1.1,
26,26,,1.6,
26,26,,2,
26,26,,2,
26,26,,1.8,
26,26,,0.8,
26,26,,0.2,
26,26,,0.8,
26,26,,2.1,
26,26,,0.8,
26,26,,1.4,
,,,,
27,27,,0.5,
27,27,,0.5,
27,27,,0.5,
27,27,,0.9,
27,27,,1.6,
27,27,,0.8,
27,27,,0.3,
27,27,,0.1,
27,27,,0.4,
27,27,,1.3,
27,27,,2.1,
27,27,,0.2,
27,27,,0,
27,27,,0.2,
27,27,,2,
27,27,,1.8,
27,27,,1.2,
27,27,,0,
27,27,,0.5,
27,27,,1,
27,27,,0.9,
27,27,,0.9,
27,27,,0.1,
27,27,,0,
27,27,,1.3,
27,27,,1,
27,27,,0.6,
27,27,,0.3,
27,27,,0,
27,27,,0,
27,27,,0.7,
27,27,,0.3,
27,27,,0.7,
27,27,,0.3,
27,27,,0.3,
27,27,,0.1,
27,27,,0,
27,27,,0.2,
27,27,,0.4,
27,27,,0.9,
27,27,,0.4,
27,27,,3.1,
27,27,,0,
27,27,,0.1,
27,27,,0.6,
27,27,,0.6,
27,27,,0.1,
27,27,,0,
27,27,,0,
27,27,,0.3,
27,27,,0.1,
27,27,,0,
27,27,,0,
27,27,,0.1,
27,27,,0,
27,27,,0,
27,27,,0,
27,27,,0,
27,27,,0,
27,27,,0.1,
27,27,,0,
27,27,,0,
27,27,,0,
27,27,,0,
27,27,,0,
27,27,,0,
27,27,,0,
27,27,,0,
27,27,,0,
27,27,,0,
27,27,,0,
27,27,,0,
27,27,,0,
27,27,,0,
27,27,,0,
27,27,,0,
27,27,,0,
27,27,,0,
27,27,,0,
27,27,,0,
27,27,,0,
27,27,,0,
27,27,,0,
27,27,,0,
27,27,,0,
27,27,,0,
27,27,,0,
27,27,,0,
27,27,,0,
27,27,,0,
27,27,,0,
27,27,,0,
27,27,,0,
27,27,,0,
27,27,,0,
27,27,,0,
27,27,,0,
27,27,,0,
27,27,,0,
27,27,,0,
27,27,,0,
27,27,,0,
27,27,,0,
27,27,,0,
27,27,,0,
27,27,,0,
27,27,,0,
27,27,,0,
27,27,,0,
27,27,,0,
27,27,,0,
27,27,,0,
27,27,,0,
27,27,,0,
27,27,,0,
27,27,,0,
27,27,,0,
27,27,,0,
27,27,,0,
27,27,,0,
27,27,,0,
27,27,,0,
27,27,,0,
27,27,,0,
27,27,,0,
27,27,,0,
27,27,,0,
27,27,,0,
27,27,,0,
27,27,,0,
27,27,,0,
27,27,,0,
27,27,,0,
27,27,,0,
27,27,,0,
27,27,,0,
27,27,,0,
27,27,,0,
27,27,,0,
27,27,,0,
27,27,,0,
27,27,,0,
27,27,,0,
27,27,,0,
,,,,
28,28,,0,
28,28,,0,
28,28,,0,
28,28,,0,
28,28,,0,
28,28,,0,
28,28,,0,
28,28,,0,
28,28,,0,
28,28,,0,
28,28,,0,
28,28,,0,
28,28,,0,
28,28,,0,
28,28,,0,
28,28,,0,
28,28,,0,
28,28,,0,
28,28,,0,
28,28,,0,
28,28,,0,
28,28,,0,
28,28,,0,
28,28,,0,
28,28,,0,
28,28,,0,
28,28,,0,
28,28,,0,
28,28,,0,
28,28,,0,
28,28,,0,
28,28,,0,
28,28,,0,
28,28,,0,
28,28,,0,
28,28,,0,
28,28,,0,
28,28,,0,
28,28,,0,
28,28,,0,
28,28,,0,
28,28,,0,
28,28,,0,
28,28,,0,
28,28,,0,
28,28,,0,
28,28,,0,
28,28,,0,
28,28,,0,
28,28,,0,
28,28,,0,
28,28,,0,
28,28,,0,
28,28,,0.1,
28,28,,0,
28,28,,0,
28,28,,0,
28,28,,0,
28,28,,0.4,
28,28,,0.1,
28,28,,0,
28,28,,0,
28,28,,0.1,
28,28,,0.2,
28,28,,0.5,
28,28,,0.2,
28,28,,0,
28,28,,0,
28,28,,0,
28,28,,0,
28,28,,0.4,
28,28,,0.1,
28,28,,0,
28,28,,0,
28,28,,0.1,
28,28,,0.1,
28,28,,0.1,
28,28,,0,
28,28,,0,
28,28,,0.1,
28,28,,0.9,
28,28,,1.7,
28,28,,1.5,
28,28,,0,
28,28,,0,
28,28,,0.3,
28,28,,14.8,
28,28,,4.8,
28,28,,0.9,
28,28,,0.9,
28,28,,0.4,
28,28,,2.9,
28,28,,0.7,
28,28,,3.2,
28,28,,0.4,
28,28,,0,
28,28,,1.8,
28,28,,0,
28,28,,1.6,
28,28,,0.4,
28,28,,0.1,
28,28,,0.3,
28,28,,0,
28,28,,0.2,
28,28,,0,
28,28,,0.1,
28,28,,0.1,
28,28,,0,
28,28,,0,
28,28,,0,
28,28,,0.2,
28,28,,0.8,
28,28,,0.3,
28,28,,0,
28,28,,0.4,
28,28,,0.1,
28,28,,0.3,
28,28,,0,
28,28,,0,
28,28,,0,
28,28,,1.2,
28,28,,0,
28,28,,0.5,
28,28,,0.4,
28,28,,0.1,
28,28,,0,
28,28,,4.3,
28,28,,0.2,
28,28,,0.5,
28,28,,0.3,
28,28,,0,
28,28,,0,
28,28,,0.4,
28,28,,0.2,
28,28,,0.3,
28,28,,0.2,
28,28,,0,
28,28,,0,
28,28,,0,
28,28,,0,
28,28,,0,
28,28,,0,
28,28,,0,
28,28,,0,
,,,,
29,29,,0,
29,29,,0,
29,29,,0,
29,29,,0,
29,29,,0,
29,29,,0.3,
29,29,,0,
29,29,,0.1,
29,29,,0.7,
29,29,,0.1,
29,29,,0,
29,29,,0,
29,29,,0,
29,29,,0,
29,29,,0.4,
29,29,,0.3,
29,29,,0,
29,29,,0,
29,29,,0,
29,29,,0,
29,29,,0.1,
29,29,,0,
29,29,,0,
29,29,,0,
29,29,,0,
29,29,,0,
29,29,,0,
29,29,,0,
29,29,,0,
29,29,,0,
29,29,,0,
29,29,,0,
29,29,,0,
29,29,,0,
29,29,,0,
29,29,,0,
29,29,,0,
29,29,,0,
29,29,,0,
29,29,,0,
29,29,,0,
29,29,,0,
29,29,,0,
29,29,,0,
29,29,,0,
29,29,,0,
29,29,,0,
29,29,,0,
29,29,,0,
29,29,,0,
29,29,,0,
29,29,,0,
29,29,,0,
29,29,,0,
29,29,,0,
29,29,,0,
29,29,,0,
29,29,,0,
29,29,,0,
29,29,,0,
29,29,,0,
29,29,,0,
29,29,,0,
29,29,,0,
29,29,,0,
29,29,,0,
29,29,,0,
29,29,,0,
29,29,,0,
29,29,,0,
29,29,,0,
29,29,,0,
29,29,,0,
29,29,,0,
29,29,,0,
29,29,,0,
29,29,,0,
29,29,,0,
29,29,,0,
29,29,,0,
29,29,,0,
29,29,,0,
29,29,,0,
29,29,,0,
29,29,,0,
29,29,,0,
29,29,,0,
29,29,,0,
29,29,,0,
29,29,,0,
29,29,,0,
29,29,,0,
29,29,,0,
29,29,,0,
29,29,,0,
29,29,,0,
29,29,,0,
29,29,,0,
29,29,,0,
29,29,,0,
29,29,,0,
29,29,,0,
29,29,,0,
29,29,,0,
29,29,,0,
29,29,,0,
29,29,,0,
29,29,,0,
29,29,,0,
29,29,,0,
29,29,,0,
29,29,,0,
29,29,,0,
29,29,,0,
29,29,,0,
29,29,,0,
29,29,,0,
29,29,,0,
29,29,,0,
29,29,,0,
29,29,,0,
29,29,,0,
29,29,,0,
29,29,,0,
29,29,,0,
29,29,,0,
29,29,,0,
29,29,,0,
29,29,,0,
29,29,,0,
29,29,,0,
29,29,,0,
29,29,,0,
29,29,,0,
29,29,,0,
29,29,,0,
29,29,,0,
29,29,,0,
29,29,,0,
29,29,,0,
29,29,,0,
29,29,,0,
29,29,,0,
29,29,,0,
,,,,
30,30,,0,
30,30,,0,
30,30,,0,
30,30,,0,
30,30,,0,
30,30,,0,
30,30,,0,
30,30,,0,
30,30,,0,
30,30,,0,
30,30,,0,
30,30,,0,
30,30,,0,
30,30,,0,
30,30,,0,
30,30,,0.1,
30,30,,0,
30,30,,0,
30,30,,0,
30,30,,0.1,
30,30,,0.4,
30,30,,0.2,
30,30,,0,
30,30,,0.2,
30,30,,0,
30,30,,0,
30,30,,0,
30,30,,0,
30,30,,0.2,
30,30,,0.1,
30,30,,0,
30,30,,0,
30,30,,0,
30,30,,0,
30,30,,0,
30,30,,0,
30,30,,0,
30,30,,0,
30,30,,0,
30,30,,0,
30,30,,0,
30,30,,0,
30,30,,0,
30,30,,0,
30,30,,0,
30,30,,0,
30,30,,0,
30,30,,0,
30,30,,0,
30,30,,0,
30,30,,0,
30,30,,0,
30,30,,0,
30,30,,0,
30,30,,0,
30,30,,0,
30,30,,0,
30,30,,0,
30,30,,0,
30,30,,0,
30,30,,0,
30,30,,0,
30,30,,0,
30,30,,0,
30,30,,0,
30,30,,0,
30,30,,0,
30,30,,0,
30,30,,0,
30,30,,0,
30,30,,0,
30,30,,0,
30,30,,0,
30,30,,0,
30,30,,0,
30,30,,0,
30,30,,0,
30,30,,0,
30,30,,0,
30,30,,0,
30,30,,0,
30,30,,0,
30,30,,0,
30,30,,0,
30,30,,0,
30,30,,0,
30,30,,0,
30,30,,0,
30,30,,0,
30,30,,0,
30,30,,0,
30,30,,0,
30,30,,0,
30,30,,0,
30,30,,0,
30,30,,0,
30,30,,0,
30,30,,0,
30,30,,0,
30,30,,0,
30,30,,0,
30,30,,0,
30,30,,0,
30,30,,0,
30,30,,0,
30,30,,0,
30,30,,0,
30,30,,0,
30,30,,0,
30,30,,0,
30,30,,0.1,
30,30,,0.2,
30,30,,0,
30,30,,0,
30,30,,0,
30,30,,0,
30,30,,0.1,
30,30,,0.2,
30,30,,0.1,
30,30,,0.1,
30,30,,0,
30,30,,0,
30,30,,0.3,
30,30,,0.3,
30,30,,0.1,
30,30,,0,
30,30,,0,
30,30,,0.5,
30,30,,0.8,
30,30,,0,
30,30,,0.8,
30,30,,0.2,
30,30,,0.8,
30,30,,1,
30,30,,0.3,
30,30,,0.3,
30,30,,1.8,
30,30,,3.8,
30,30,,0.5,
30,30,,0.3,
30,30,,1.1,
30,30,,1.8,
30,30,,3.3,
30,30,,2.2,
,,,,
31,31,,0,
31,31,,0.2,
31,31,,0.7,
31,31,,1.7,
31,31,,4.3,
31,31,,4.1,
31,31,,0.1,
31,31,,1.8,
31,31,,4.6,
31,31,,9.7,
31,31,,8.7,
31,31,,4.8,
31,31,,3,
31,31,,7.3,
31,31,,3.1,
31,31,,5,
31,31,,7.8,
31,31,,5,
31,31,,11.7,
31,31,,7.8,
31,31,,10.3,
31,31,,13.1,
31,31,,16.1,
31,31,,9.2,
31,31,,10.6,
31,31,,13,
31,31,,4.7,
31,31,,6,
31,31,,6.4,
31,31,,4.8,
31,31,,17.200001,
31,31,,11.7,
31,31,,8.4,
31,31,,7.2,
31,31,,7.2,
31,31,,5.3,
31,31,,15.8,
31,31,,10.3,
31,31,,4.2,
31,31,,3.7,
31,31,,2.8,
31,31,,1.4,
31,31,,13.3,
31,31,,11,
31,31,,8.1,
31,31,,4.1,
31,31,,6.3,
31,31,,4.2,
31,31,,10.6,
31,31,,5.4,
31,31,,6.6,
31,31,,3,
31,31,,1.2,
31,31,,2.5,
31,31,,5.9,
31,31,,3,
31,31,,1.8,
31,31,,6,
31,31,,3.9,
31,31,,6.2,
31,31,,2.1,
31,31,,0.5,
31,31,,0.3,
31,31,,0.1,
31,31,,0,
31,31,,0.7,
31,31,,5.5,
31,31,,1,
31,31,,0,
31,31,,3.4,
31,31,,5.1,
31,31,,0.8,
31,31,,6.4,
31,31,,7.4,
31,31,,8.3,
31,31,,2.9,
31,31,,5.3,
31,31,,11.4,
31,31,,10.6,
31,31,,7.8,
31,31,,0.5,
31,31,,1.8,
31,31,,1.8,
31,31,,0.5,
31,31,,10.9,
31,31,,0.8,
31,31,,1.4,
31,31,,0.6,
31,31,,1,
31,31,,6,
31,31,,0.4,
31,31,,0.3,
31,31,,0.3,
31,31,,0.5,
31,31,,2.3,
31,31,,9.9,
31,31,,0,
31,31,,0.5,
31,31,,0,
31,31,,1.5,
31,31,,3.2,
31,31,,0.1,
31,31,,0,
31,31,,0,
31,31,,0.1,
31,31,,0.3,
31,31,,0.8,
31,31,,0,
31,31,,0,
31,31,,0.1,
31,31,,0,
31,31,,0.3,
31,31,,0.5,
31,31,,0,
31,31,,0,
31,31,,0.4,
31,31,,0.4,
31,31,,0.1,
31,31,,0.3,
31,31,,0,
31,31,,0,
31,31,,0.1,
31,31,,0,
31,31,,0.1,
31,31,,0,
31,31,,0,
31,31,,0,
31,31,,0,
31,31,,0,
31,31,,0,
31,31,,0,
31,31,,0,
31,31,,0.1,
31,31,,0,
31,31,,0,
31,31,,0,
31,31,,0,
31,31,,0,
31,31,,0,
31,31,,0,
31,31,,0,
31,31,,0,
31,31,,0,
31,31,,0,
 , ,,,
